PAD NO.,CI NO.,DATE,COMPANY,DETAILS,PO NUMBER,AMOUNT,STATUS/REMARKS
1,751,,PPA,"TOTE BAG, 30@180",,"5,400.00",
,752,12/21/22,PSA XI (DAVAO REGION),"POLO SHIRT FOR THE 2021 SURVEY OF INNOVATION ACTIVITIES (2021 SIA) OF ESTABLISHMENTS, 57@395",SOCD-2022-12-11,"22,515.00",
,753,12/21/22,PSA XI (DAVAO REGION),"PLAQUE FOR THE AWARDING CEREMONY ON THE 2022 (PSA XI GENERAL ASSEMBLY), 25@1700",SOCD-2022-12-10,"42,500.00",
,754,12/21/22,DMSF,"TARPAULIN 20FT X 22 FT, 1@7920",,"7,920.00",
,755,,NIA XI,"POLO SHIRT WITH NIA LOGO EMBROIDERED, 114@400",MISC-2023-01-004,"45,600.00",
,756,,NIA XI,"POLO SHIRT FOR RCIA BOTS COMBINATION WITH EMBROIDERY, 13@650",MISC-2023-01-002,"8,450.00",CANCELLED
,757,,DMSF,"TARPAULIN 3M X 2M, 1@962; TARPAULIN 1M X 2M SPORTSFEST, 2@320",,"1,603.00",
,758,10/05/22,DMSF,"TSHIRTS W/ PRINT (OSA), 174@180; TARPAULINS",,"41,790.00",
,759,02/02/23,PAG-IBIG FUND,"TARPAULIN, 4PCS",NOR22021,"1,660.00",
,760,02/03/23,DAVAO DOCTORS HOSPITAL (CLINICA HILARIO) INC.,"NOTEBOOK, 140@95; BAMBOO TUMBLER, 140@370; DRAWSTRING BAG 13""X17"", 140@130",2022-24310,"83,300.00",
,761,02/03/23,PAG-IBIG FUND,"INTERIOR SIGNAGE PLATE: 6MM THICK ACRLYIC PLASTIC HOLDER STAINLESS STEEL TEXT NAME: MARIA TERESA L. DELOS REYES. BRANCH HEAD LANANG BRANCH DAVAO, 1@4500",NOR22019,"4,500.00",
,762,02/03/23,PAG-IBIG FUND,"OFFICER NAME: TEXT: PEPITO S. DICHOSA 1PC; COUNTER TEXT 1-13 TAGUM (1-13), MATI (1-5), NABUNTURAN (1-13), 21PCS; (CLOSE/OPEN) BACK TO BACK 3PCS; EXIT 1PC; RESTROOM 1PC; PANTRY 2PCS; STOCK ROOM 3PCS; FRMALE 2PCS; MALE CR PCS",TAG22035,"34,000.00",
,763,02/09/23,PSA DAVAO REGION,"UMBRELLA, 35@495",SOCD-2023-01-03,"17,325.00",
,764,02/09/23,DAVAO DOCTORS HOSPITAL (CLINICA HILARIO) INC.,"NOTEBOOK, 15@95; TUMBLER, 2@370; DRAWSTRING, 15@130",NR2022-24320,"4,115.00",
,765,02/15/23,BANGKO SENTRAL NG PILIPINAS,"4.5FT X 10FT TARPAULIN, 1@720",,720.00,
,766,02/15/23,DAVAO DOCTORS HOSPITAL (CLINICA HILARIO) INC.,"COTTON SHIRT BLUE CORNER ARMY GREEN S 1PC@240, M 1PC@240, L 6PCS@240, XL 4PCS@240, 2XL 3PCS@240","175,888","3,600.00",
,767,02/15/23,DAVAO DOCTORS HOSPITAL (CLINICA HILARIO) INC.,"COTTON SHIRT BLUE CORNER ARMY GREEN XS 7PCS@240, S 27PCS@240, M 42PCS@240, L 40PCS@240, XL 19PCS@240, 2XL 4PCS@240, 4XL 1PC@240","175,599","24,600.00",
,768,02/21/23,DAVAO DOCTORS HOSPITAL (CLINICA HILARIO) INC.,"BAMBOO TUMBLER, 4PCS@370",176984,"1,480.00",
,769,02/21/23,DAVAO DOCTORS HOSPITAL (CLINICA HILARIO) INC.,"COTTON SHIRT BLUE CORNER ARMY GREEN M 1 PC@240, L 4PCS@240, XL 2PCS@240",176983,"1,680.00",
,770,,DAVAO DOCTORS HOSPITAL (CLINICA HILARIO) INC.,COTTON SHIRT BLUE CORNER ARMY GREEN 2XL 1@240,,240.00,
,771,02/09/23,PAG-IBIG FUND,"LABOR AND MATERIALS FOR THE SUPPLY, DELIVERY, FABRICATION AND INSTALLATION OF EXTERIOR CANOPY SIGNAGE FOR VERANZA SERVICE DESK, 1@45000",GEN22033,"45,000.00",
,772,02/28/23,JEWM AGRO-INDUSTRIAL CORPORATION,"TSHIRT DRIFIT WHITE, 60@165",25885,"9,900.00",
,773,02/28/23,SUTHERLAND GLOBAL SERVICES PHILIPPINES INC.,VARIOUS ITEMS,,"30,310.00",
,774,02/28/23,SUTHERLAND GLOBAL SERVICES PHILIPPINES INC.,VARIOUS ITEMS,,"16,750.00",
,775,02/28/23,SUTHERLAND GLOBAL SERVICES PHILIPPINES INC.,VARIOUS ITEMS,,"33,240.00",
,776,,NATIONAL POLICE COMMISSION REGIONAL XI," POLOSHIRT W/ NAPOLCOM LOGO EMBROIDERED, 41@500",2302004,"20,500.00",
,777,3/23,PHILHEALTH XI,"TARPAULIN 4.5FT X 8FT, 1@648; TARP 8FT X 12FT, 1@1728",23-02-027,"2,376.00",
,778,03/10/23,PHILIPPINE FISHERIES DEVELOPMENT AUTHORITY,"GAD TSHIRT ROUND NECK LAVENDER W/ LOGO, 38@250",2023-02-020,"9,500.00",
,779,,,,,,N/A
,780,03/01/23,IBEX GLOBAL SOLUTIONS PHILIPPINES INC,"LAMINATED STICKER ON SINTRA BOARD 1.09M X 2.24M, 1@5215; LAMINATED STICKER ON SINTRA BOARD WITH INSTALLATIONS 28M X 19M, 1@11680",,"15,000.00",1895 (LESS)
,781,03/01/23,IBEX GLOBAL SOLUTIONS PHILIPPINES INC,"ROLLUP BANNER, 2@1600",,"3,200.00",
,782,03/02/23,BUREAU OF CUSTOMS,"2023 NWMC ADVOCACY TSHIRT, 170@250; 2023 NWMC ADVOCACY MOUSEPAD, 170@65; 2023 NWMC TARPAULIN, 2@512",,"54,574.00",
,783,,PHILHEALTH XI,VARIOUS ITEMS,23-02-017,"13,492.50",
,784,,PHILHEALTH XI,"UMBRELLA, 160@300",22-12-386,"48,000.00",
,785,03/03/23,IBEX GLOBAL SOLUTIONS PHILIPPINES INC,"TiVO UMBRELLA, 10@220; TiVO FOLDABLE, 10@280; CARD HOLDER, 10@150; KEYCHAIN, 10@60; TiVO BASEBALL CAAP-BLACK, 15@280; TiVO BASEBALL CAP-WHITE, 10@280; TiVO MINI DRAWSTRING, 15@150; TiVO SERVICE STAR INSULATED TUMBLER, 12@850; CLEAR WATER TUMBLER, 10@230; TiVO SERVICE STAR POLOSHIRT, 15@900; TiVO JACKET, 10@900",,"51,350.00",
,786,03/16/23,BANGKO SENTRAL NG PILIPINAS,"TARPAULIN 7 FT X 11 FT, 1@1250; STANDEE 5.5 X 1.2 FT, 1@3200",650001309,"4,450.00",
,787,03/08/23,BANGKO SENTRAL NG PILIPINAS,"TARPAULIN 11 FT X 4 FT, 1@710; FROSTED MUGS, 84@170",,"14,990.00",
,788,,PSA XI (DAVAO REGION),"POLOSHIRT, 110@445",SOCD-2023-02-01,"48,950.00",
,789,,PSA XI (DAVAO REGION),"TUMBLER 500ML, 495@183",SOCD-2023-02-02,"90,585.00",
,790,,,,,,N/A
,791,,BFP RXI,"NFO UNIFORM, 33@1545",,"51,000.00",CANCELLED
,792,03/10/23,DAVAO DOCTORS HOSPITAL (CLINICA HILARIO) INC.,"POLOSHIRT, 14@405; POLOSHIRT, 2@405",,"6,480.00",
,793,,DILG DAVAO CITY,"TSHIRT FOR CULTURAL ACTIVITIES, 33@500",,"16,500.00",
,794,,PSA XI (DAVAO REGION),"POLOSHIRT, 23@550",SOCD-2023-02-08,"12,650.00",
,795,,BFP RXI,"NFO UNIFORM, 33@1545",,"50,985.00",
,796,03/15/23,BANGKO SENTRAL NG PILIPINAS,"TSHIRT VIOLET, 84@260",6500013046,"21,840.00",
,797,03/09/23,PAG-IBIG FUND,"SINTRA BOARD, 4@1450; SOFA ISLANDS",,"5,800.00",
,798,03/16/23,PHILHEALTH XI,TARPAULINS,23-03-035,"2,655.00",
,799,03/20/23,NIA XI,"POLOSHIRT, 104@400",MISC-2023-03-046,"41,600.00",
,800,03/20/23,PPA XI,"POLOSHIRT, 25@445",,"11,125.00",
2,801,03/10/23,PSA XI (DAVAO REGION),"PERSONALIZED MOUSEPAD, 30@53; USB 3.0 SPEED W/ 4 PORTS, 30@345",SOCD-2023-02-02,"11,940.00",
,802,03/17/23,NAPOLCOM XI,"POLOSHIRTS, 44@550",2303005,"24,200.00",
,803,03/18/23,DMSFI,"LANYARD, 1000@55",,"55,000.00",
,804,03/20/23,DMSFI,"TARPAULIN 4 X 6 FT, 2@360; TARPAULIN 5 X 9 FT, 1@675",,"1,395.00",
,805,03/23/23,NONVIOLENT PEACEFORCE,"NP UNIFORM W/ EMBROIDERY LOGO, 38@580; ARM SLEEVE, 38@75",,"24,890.00",CANCELLED
,806,03/07/23,NONVIOLENT PEACEFORCE,"NP UNIFORM W/ EMBROIDERY LOGO, 38@580; ARM SLEEVE, 38@75",,"24,890.00",
,807,03/10/23,PSA DAVAO DEL SUR,"JACKET W/ HOOD, 10@1950",PSA-DDS-23-08,"19,500.00",
,808,,PHILHEALTH XI,"PROMOTIONAL SHIRT, 346@480",PROIX 2022-12-108,"166,080.00",
,809,,PHILHEALTH XI,"MARKETING POLOSHIRTS FOR MALASAKIT PERSONNEL, 30@500",PROIX 2022-12-104,"15,000.00",
,810,,PHILHEALTH XI,"CORPORATE SHIRT, 54@500",,"27,000.00",
,811,03/28/23,LISAS MEAT,"MUGS W/ PRINT, 100@70",,"7,000.00",
,812,03/28/23,IBEX GLOBAL SOLUTIONS PHILIPPINES INC,"TiVO REBRANDING 50%, 1@164850",110050,"164,850.00","329,700"
,813,04/01/23,ZUMMIT FOODS CORPORATION,"POLOSHIRT W/ EMBROIDERED LOGO, 24@350",,"8,400.00",
,814,04/05/23,IBEX GLOBAL SOLUTIONS PHILIPPINES INC,"ROLLUP BANNER, 3@1600",,"4,800.00",
,815,04/11/23,WESTERN INTERWEB NETWORK INC,PRINT CONVERGE FIBER,,"6,000.00",
,816,04/12/23,BSP,"STANDEE, 1@3200",,"3,200.00",
,817,04/15/23,IBEX GLOBAL SOLUTIONS PHILIPPINES INC,"HANGING TARP BACK TO BACK, 3 SETS@450; STANDEE ON SINTRA, 1@4000; PULL-UP TARP ONLY, 2@450",,"6,250.00",
,818,04/20/23,IBEX GLOBAL SOLUTIONS PHILIPPINES INC,"TiVO REBRANDING 40%, 1@131880",110050,"131,880.00","329,700"
,819,04/20/23,IBEX GLOBAL SOLUTIONS PHILIPPINES INC,"TiVO REBRANDING 10%, 1@32970",110050,"32,970.00","329,700"
,820,04/24/23,DTI XI,"TOTE BAG - GRAY, 50@248",2023-03-081,"12,400.00",
,821,04/26/23,PAG-IBIG FUND,"TARPAULIN BACKDROP LGU CARMEN 12 X 8 FT, 1@2500",HBC23-04-139,"2,500.00",
,822,04/26/23,PAG-IBIG FUND,"TARPAULIN BACKDROP LGU CARMEN 4 X 12 FT, 1@768",PAN23-04-019,768.00,
,823,04/26/23,DCCC,"RED POLOSHIRTS, 30@220; WHITE POLOSHIRTS, 24@220",,"13,200.00",
,824,04/18/23,INRIVER/DETAIL ONLINE TECHNOLOGY INC,"INRIVER PACKAGE, 50 SETS@1905",,"95,250.00",
,825,04/18/23,DAVAO DOCTORS HOSPITAL (CLINICA HILARIO) INC.,SHIRTS,180325,"115,580.00",
,826,04/22/23,DMSFI,"TARPAULIN 4X6, 4@360",,"1,440.00",
,827,04/26/23,DAVAO CONCRETE POLES CORPORATION,"POLOSHIRTS W/O POCKET, 25@480; POLOSHIRTS W/ POCKET, 23@480",,"23,040.00",CANCELLED
,828,04/26/23,DAVAO CONCRETE POLES CORPORATION,"TSHIRT W/ PRINTCOMPANY OUTING: SMALL 13@235, MEDIUM 45@235, LARGE 30@235, XL 15@245, 2XL 3@275",,"25,180.00",
,829,05/20/23,DAVAO CENTRAL CHEMICAL CORPORATION,"SACK PRINT, 500@7",,"3,500.00",
,830,04/26/23,DAVAO CONCRETE POLES CORPORATION,"POLOSHIRTS COMBI W/ POCKET, 25@480; POLOSHIRTS COMBI NO POCKET, 25@480",,"24,000.00",
,831,04/27/23,DAVAO DOCTORS HOSPITAL (CLINICA HILARIO) INC.,"TURQUOISE BLUE, 31@240",181228,"7,440.00",
,832,04/27/23,DAVAO DOCTORS HOSPITAL (CLINICA HILARIO) INC.,"WHITE TSHIRT NIGHTINGALES, 48@240",181229,"11,520.00",
,833,04/27/23,DAVAO DOCTORS HOSPITAL (CLINICA HILARIO) INC.,"POLOSHIRT COMBI YELLOW/GREEN EMBROIDERY, 75@405",178580,"30,375.00",
,834,04/27/23,DAVAO DOCTORS HOSPITAL (CLINICA HILARIO) INC.,"WHITE TRIFIT, 28@180",181225,"5,040.00",
,835,04/28/23,UNION GALVASTEEL CORPORATION,"POLOSHIRT - GOLD YELLOW, 18@380",,"6,840.00",
,836,04/29/23,IBEX GLOBAL SOLUTIONS PHILIPPINES INC,"HANGING DROP TARPAULIN PTV ETQ 3 X 4 FT, 10@216; HANGING DROP TARPAULIN PTV VIDEO 3 X 4 FT, 24@216; CAP, 30@280; COURTFLOOR 986 X 264 CM, 2@1490",,"18,724.00",
,837,05/02/23,IBEX GLOBAL SOLUTIONS PHILIPPINES INC,"TIVO TARP ROLLUP BANNER W/O STAND, 10@450; TIVO STAGE GLASS STICKER CUT OUT COLOR SILVER, 1@1500",,"6,500.00",CANCELLED
,838,05/03/23,DAVAO DOCTORS HOSPITAL (CLINICA HILARIO) INC.,"TUMBLER - BLACK, 12 SETS@330",181645,"3,960.00",
,839,05/04/23,IBEX GLOBAL SOLUTIONS PHILIPPINES INC,"VAN DRESS UP, 1LOT@33000",,"33,000.00",
,840,05/04/23,IBEX GLOBAL SOLUTIONS PHILIPPINES INC,"VAN MATTING, 1LOT@8500",111353,"8,500.00",
,841,05/04/23,IBEX GLOBAL SOLUTIONS PHILIPPINES INC,"TIVO TARP ROLLUP BANNER W/O STAND, 10@450",,"4,500.00",DR#: 1667
,842,05/05/23,IBEX GLOBAL SOLUTIONS PHILIPPINES INC,"BIRTHDAY & TOP PERFORMER SINTRA, 2@2850",,"5,700.00",
,843,05/09/23,DAVAO DOCTORS HOSPITAL (CLINICA HILARIO) INC.,"CUSTOMIZED MUG, 230@60",,"13,800.00",
,844,05/10/23,PSA XI (DAVAO REGION),"ARM SLEEVE SUBLIMATION, 257@148; SHOE LACE COLOR WHITE, 50@24",SOCD-2023-03-19,"39,236.00",
,845,05/12/23,DAVAO DOCTORS HOSPITAL (CLINICA HILARIO) INC.,"MUG WITH BOX, 30@60",,"1,800.00",
,846,05/15/23,JEWM AGRO-INDUSTRIAL CORPORATION,"ID LANYARD, 50@65",26054,"3,250.00",
,847,05/12/23,PHILHEALTH XI,TARPAULINS,23-04-057,"8,396.00",
,848,05/18/23,DMSFI,"TARPAULIN 7 X 21 FT MED. ETHICS, 1@2205",,"2,205.00",
,849,,NIA EASP,"PLAQUE, 5@1000",,"5,000.00",
,850,,DMSFI,SINGLE FACE LIGHTED USING ALUMINUM CLADING AND ACRYLIC BUILDUP,,"210,000.00",10000 (DISCOUNT)
3,851,04/12/23,PAG-IBIG FUND,"TARPAULIN W/ WOODEN STAND & FRAME FOR STAR  8 X 12 FT, 1@9400",HBC23-04-136,"9,400.00",
,852,04/27/23,PAG-IBIG FUND,TARPAULIN 6 FT X 4 FT DAVAO MATINA BRANCH,23-03-020,"1,536.00",
,853,04/27/23,IBEX GLOBAL SOLUTIONS PHILIPPINES INC,"HANGING TARP BACK TO BACK, 2 FT X 3 FT, 16@336; TARP FOR ROLLUP, 14@450",,"11,776.00",
,854,04/14/23,PHILHEALTH XI,"TARPAULIN STANDEE W/ MECHANISM (PCARES), 26@1400; TARPAULIN BACKDROP PRO XI FB LIVE, 1@503.10, TARPAULIN TAABLE SKIRT PRO XI FB LIVE, 1@75",23-03-047,"36,978.10",
,855,05/02/23,PHILHEALTH XI,"TARPAULIN SERVICE DESK SCHEDULE 3 FT X 2 FT, 7@108; GENERIC BACKDROP RACH OUT 8 FT X 10 FT, 1@1440; GENERIC NACKDROP 4 FT X 6 FT, 1@432",23-04-052,"2,628.00",
,856,,PHILHEALTH XI,TARPAULINS,23-04-057,"8,396.00",CANCELLED
,857,04/28/23,LISAS MEAT,"LONG SLEEVE, 10@280",,"2,800.00",CANCELLED
,858,05/11/23,DAVAO DOCTORS HOSPITAL (CLINICA HILARIO) INC.,"MUG FOR NURSING MONTH, 70@60",,"4,200.00",
,859,05/03/23,DAVAO CONCRETE POLES CORPORATION,"TSHIRT WITH PRINT S 13@235, M 45@235, L 30@235, XL 15@245, 2XL 3@275",,"25,180.00",
,860,05/08/23,PHILHEALTH XI,TARPAULINS,23-05-085,"4,464.00",
,861,05/17/23,SUTHERLAND GLOBAL SERVICES PHILIPPINES INC.,VARIOUS ITEMS,,"126,439.00",
,862,05/17/23,SUTHERLAND GLOBAL SERVICES PHILIPPINES INC.,VARIOUS ITEMS,,"28,637.50",
,863,05/17/23,SUTHERLAND GLOBAL SERVICES PHILIPPINES INC.,"PLAQUE, DR# 1503; MEGAPHONE, DR# 1574",,"7,900.00",
,864,05/17/23,SUTHERLAND GLOBAL SERVICES PHILIPPINES INC.,"VARIOUS ITEMS, DR# 1658",,"1,400.00",
,865,05/17/23,SUTHERLAND GLOBAL SERVICES PHILIPPINES INC.,"VARIOUS ITEMS, DR# 1659",,"1,400.00",
,866,05/22/23,SUTHERLAND GLOBAL SERVICES PHILIPPINES INC.,VARIOUS ITEMS,,"71,308.00",CANCELLED
,867,05/22/23,SUTHERLAND GLOBAL SERVICES PHILIPPINES INC.,VARIOUS ITEMS,,"75,308.00",
,868,05/26/23,IBEX GLOBAL SOLUTIONS PHILIPPINES INC,"TARP FOR ROLLUP, 3@450",,"1,350.00",
,869,05/26/23,FPS TECH PHILIPPINES INC.,"GOLF UMBRELLA W/ PRINT, 25@310",,"7,750.00",
,870,05/31/23,IBEX GLOBAL SOLUTIONS PHILIPPINES INC,"TARPAULIN FOR ROLLUP, 5@450",,"2,250.00",
,871,07/29/23,PHILHEALTH XI,"TARPAULIN BACKDROP 4 FT X 7 FT, 1@504",,504.00,
,872,06/02/23,PSA XI,"TSHIRT (THE CONDUCT OF THE 2022 ANNUAL SURVEY OF PHILIPPINE BUSINESS AND INDUSTRY), 50@275",,"13,750.00",
,873,06/02/23,PAG-IBIG FUND,ACRYLIC FRAMELESS BOLT POSTER FOR PAG-IBIG FUND DIGOS BRANCH,DIG23006,"12,900.00",
,874,06/08/23,IBEX GLOBAL SOLUTIONS PHILIPPINES INC,"GOLF UMBRELLA W/ TOUCH BUTTON HANDLE, 10@350",112592,"3,500.00",
,875,06/02/23,PPA XI,"BAG, TOTE W/ PRINT, 26@200",DAV-6839-23,"5,200.00",
,876,06/12/23,DAVAO DOCTORS HOSPITAL (CLINICA HILARIO) INC.,"MUGS, 50@60",184012,"3,000.00",
,877,06/13/23,DAVAO DOCTORS HOSPITAL (CLINICA HILARIO) INC.,"MUGS (FATHER'S DAY), 100@60",184015,"6,000.00",
,878,06/14/23,DAVAO DOCTORS HOSPITAL (CLINICA HILARIO) INC.,DDH NATIONAL KIDNEY MONTH - HEALTHY KIDNEYS FOR A HEALTHY PILIPINAS,184048,"15,580.00",
,879,06/14/23,PAG-IBIG FUND,VARIOUS ITEMS,,"9,530.00",
,880,06/16/23,NIA (DAVAO DE ORO),"POLOSHIRT COTTON, 80@545; SPORTS UNIFORM (SUBLI TSHIRT AND SHORTS) , 3@700; SPORTS UNIFORM, 5@450",,"47,950.00",
,881,,PSA XI,"POLOSHIRT DRIFIT SUBLIMATION, 356@400",SOCD-2023-03-12,"142,400.00",
,882,06/16/23,DAVAO DOCTORS HOSPITAL (CLINICA HILARIO) INC.,"POLOSHIRT, 17@380",184048,"6,460.00",
,883,05/23/23,DMSFI,"SINGLE FACE LIGHTED SIGNAGE USING ALUMINUM CLADDING AND ACRYLIC BUILDUP, 1 LOT@210000",22-194,"210,000.00",
,884,06/19/23,DMSFI,"4 X 6 FT TARPAULIN, 2@260; 8 X 16 FT TARPAULIN, 1@1920",,"2,640.00",
,885,06/20/23,FULL POTENTIAL SOLUTIONS,"1ST ACCOMPLISHMENT ON WALL BRANDING SOA (APRIL 28, 2023), 1 LOT@418997.50",,"418,997.50",CANCELLED
,886,06/20/23,FULL POTENTIAL SOLUTIONS,"2ND ACCOMPLISHMENT ON WALL BRANDING SOAA (MAY 26, 2023), 1 LOT@71895",,"71,895.00",CANCELLED
,887,06/15/23,PSA XI,"UMBRELLA FOLDABLE AUTOMATIC UV PROTECTION W/ COVER - AUTOMATIC OPEN/CLOSE W/ LOGO ULAF, 62@250",SOCD-2023-06-05,"15,500.00",
,888,06/26/23,DILG (DAVAO REGION) ,"PVC MADE ARTA ID, 236@110",2023-05-176,"25,960.00",
,889,,NHA XI,"POLOSHIRT W/ 3 COMBINATION EMBROIDERY, 114@545; SPORTS UNIFORM SUBLIMATION, 11@700; SPORTS UNIFORM SUBLIMATION, 22@450",MISC-2023-06-103,"79,730.00",
,890,,NIA LUPON,"POLOSHIRT COMBINATION, 89@700; SPORTS UNIFORM TSHIRT&SHORT, 6@900; SPORTS UNIFORM TSHIRT ONLY, 6@500",,"70,700.00",
,891,06/30/23,ZUMMIT FOODS CORPORATION,"POLOSHIRT W/ ZUMMIT FOODS CORPORATION EMBROIDERY LOGO, 48@370",XO-968,"17,760.00",
,892,06/30/23,DAVAO YELLOW GOLD FOODS INC.,POLOSHIRT W/ DAVAO YELLOW GOLD FOODS INC. EMBROIDERY LOGO,XO-969,"5,550.00",
,893,06/30/23,JEWM AGRO-INDUSTRIAL CORPORATION,"ID LANYARD 3/4, 17@65",12858,"1,105.00",
,894,07/01/23,IBEX GLOBAL SOLUTIONS PHILIPPINES INC,VARIOUS ITEMS,,"4,930.00",CANCELLED
,895,07/01/23,IBEX GLOBAL SOLUTIONS PHILIPPINES INC,"ROLLUP BANNER TARP ONLY, 7@450",,"3,150.00",CANCELLED
,896,07/03/23,IBEX GLOBAL SOLUTIONS PHILIPPINES INC,"GENESYS STICKER 145 CM X 30 CM, 1@375",,375.00,CANCELLED
,897,07/05/23,BUREAU OF CUSTOMS,TARPAULINS,2023-06-0045,"40,000.00",
,898,06/04/23,PSA XI,"TOWEL AND HAND SANITIZER, 60@495; BATH TOWEL CONDITIONER SHAMPOO BODY WASH, 10@1310",SOCD-2023-06-20,"42,800.00",
,899,07/05/23,DMSFI,"TSHIRT SUBLIMATION, 239@350",,"83,650.00",
,900,07/05/23,DMSFI,"TSHIRT SUBLIMATION, 3@350",,"1,050.00",
4,901,07/04/23,PHILHEALTH XI,"PRESIDENT OF THE PHILIPPINES PORTRAIT, 5@300; TARPAULIN STANDEE W/ MECHANISM, 3@1500, TARPAULIN 2.5 FT X 2 FT, 16@90",23-06-116,"7,440.00",
,902,07/04/23,PHILHEALTH XI,"TARPAULIN BACKDROP 8 FT X 16 FT, 1@2304; TARPAULIN WELCOME BANNER 9 FT X 6 FT, 2@240",23-06-123,"2,784.00",
,903,07/05/23,DMSFI,"TARPAULIN UNIFORM, 2@930",,"1,860.00",
,904,,USEP,"CUSTOMIZE CORPORATE JACKET, 24@1550",2023-05-0193,"37,200.00",
,905,07/11/23,PSA XI,"ID LANYARD PRINTING, 100@75",23-06CRASD-089,"7,500.00",
,906,,PSA XI,"PSA 10TH ANNIVERSARY OFFICIAL POLOSHIRT, 222@450",SOCD-2023-06-14,"99,900.00",
,907,,PSA XI,"POLOSHIRT FOR 2023 ASTIG TECH, 35@445",SOCD-2023-06-25,"15,575.00",
,908,,PSA XI,"POLOSHIRTS 2023, 24@450",SOCD-2023-05-07,"10,800.00",
,909,07/12/23,PCA XI,"TABLE NAME TAG HOLDER ACRYLIC 3 X 12, 15@300",2023-07-0090,"4,500.00",
,910,07/12/23,DMSFI,"9 X 13 FT NURSING AND MIDWIFERY, 1@1755",,"1,755.00",
,911,07/14/23,BRGY 76-A BUCANA,"VOLLEYBAALL UNIFORM ON SOCIO-CULTURAL ACTIVITIES, 25@750; TSHIRT ON REPUBLIC ACT 9710 MAGNA CARTA OF WOMEN, 60@450",2023-07-074,"45,750.00",
,912,06/23/23,FULL POTENTIAL SOLUTIONS PHILIPPINES,"TARPAULIN LGBT, 1@432",,432.00,CANCELLED
,913,07/17/23,DAVAO DOCTORS HOSPITAL (CLINICA HILARIO) INC.,LINEN SUBLIMATION FOR BED SHEETS (1000 PCS BED SHEETS) 2000@32,184834,"64,000.00",
,914,07/13/23,FULL POTENTIAL SOLUTIONS PHILIPPINES,"PROPS STICK FOR PHOTOBOOTH (SINTRA W/ STICK), 12@150; CIRCLE SINTRA 22"" X 22""",,"3,960.00",CANCELLED
,915,07/19/23,IBEX GLOBAL SOLUTIONS PHILIPPINES INC,"VAN MATTING, 1@8500",111353,"8,500.00",
,916,07/19/23,IBEX GLOBAL SOLUTIONS PHILIPPINES INC,"TOYOTA GL GRANDIA - DRESS UP, 1@33000",112130,"33,000.00",
,917,07/19/23,IBEX GLOBAL SOLUTIONS PHILIPPINES INC,SAFETY CORNERS,112144,"10,150.00",
,918,,NIA DAVSUR,"POLOSHIRT W/ 3 COLOR COMBINATION WITH EMBROIDERY & PRINT, 109@545; SPORTS UNIFORM SUBLIMATION (7-SHIRT & SHORTS) 11@700, SPORTS UNIFORM SUBLIMATION (TSHIRT ONLY) 14@450",,"73,405.00",
,919,,NIA XI,"PLAQUE GLASS, 39@1200",,"46,800.00",
,920,,BUREAU OF FIRE PROTECTION XI,"TSHIRT (COLOR CODING), 125@350; TARPAULIN 6 X 8 FT, 1@1152",LOG-2023-07-074,"44,902.00",
,921,07/26/23,PHILHEALTH XI,"TARPAULIN BACKDROP PEER FORUM 4 X 7 FT, 1@504; TARPAULIN BACKDROP GEP FORUM 4 X 7 FT, 1@504",23-07-153,"1,008.00",
,922,,PSA XI,"POLOSHIRT FOR THE 2023 JULY LABOR FORCE SURVEY, 869@365",SOCD-2023-06-15,"313,900.00",
,923,07/31/23,IBEX GLOBAL SOLUTIONS PHILIPPINES INC,"ROLLUP BANNER W/ MECHANISM, 3@1600; ROLLUP TARP ONLY, 5@450",,"7,050.00",
,924,08/03/23,DMSFI,ANNIVERSARY TARP,,"3,825.00",
,925,08/03/23,USEP,POLOSHIRT (FULL SUBLI) ,2023-07-0601,"25,000.00",
,926,08/07/23,DMSFI,"ACCREDITATION AND QUALITY ASSURANCE OFFICE, 1 LOT@20000",22-180,"20,000.00",
,927,08/07/23,DMSFI,"DMSF LOGO SIGNAGE LIGHTED ACRYLIC 4X4 FT, 1@35000; ACRYLIC FRAME PANUNCIALMAN 2X2 FT, 1@5000; REPLACEMENT OF ACRYLIC FRAME 3X3 IN, 1@8000; CLEANING/REHAB OF ALEX A. PANUNCIALMAN FRAME, 1@500",22-188,"48,500.00",
,928,08/07/23,DMSFI,"DMSF LOGO ACRYLIC BUILD UP LIGHTED SIGNAGE, 1 LOT@90000",2300025,"90,000.00",
,929,08/07/23,DMSFI,CLEANING AND REHABILITATION OF DMSF LOGO W/ ADDITIONAL LIGHTINGS,2300028,"60,000.00",
,930,08/07/23,DMSFI,"NEW DMSF LOGO, 1 LOT@160000",2300055,"160,000.00",
,931,08/07/23,PHILHEALTH XI,"TARPAULIN REVOCATION 2 X 5, 1@180; TARPAULIN REVOCATION 2 X 5, 2@180",23-07-173,540.00,
,932,,PSA XI,"AGRISTAT POLO SHIRTS, 42@575",PSA-DDS-23-38,"24,150.00",
,933,,NIA XI,TSHIRT W/ PRINTING KHAKI,MISC-2023-06-116A,"27,500.00",
,934,,PFDA,"POLOSHIRT, 41@575",,"23,575.00",
,935,08/11/23,DMSFI,"FOUNDATION TSHIRT (SCHOOL), 248@280",,"69,440.00",
,936,08/11/23,DMSFI,"FOUNDATION TSHIRT (SCHOOL), 488@280",,"136,640.00",
,937,08/15/23,IBEX GLOBAL SOLUTIONS PHILIPPINES INC,"TSHIRT BLACK, 1@350; TSHIRT BLUE 1@350",,700.00,
,938,08/15/23,IBEX GLOBAL SOLUTIONS PHILIPPINES INC,VARIOUS ITEMS,,"25,200.00",
,939,08/15/23,IBEX GLOBAL SOLUTIONS PHILIPPINES INC,"DTV JERSEY, 39@750",,"29,250.00",
,940,08/15/23,IBEX GLOBAL SOLUTIONS PHILIPPINES INC,BREAKROOM BANDITS JERSEY,,"66,300.00",
,941,08/15/23,IBEX GLOBAL SOLUTIONS PHILIPPINES INC,VARIOUS ITEMS,,"58,979.00",
,942,08/15/23,IBEX GLOBAL SOLUTIONS PHILIPPINES INC,MASCOT DAWOW (TAILORED) ,112632,"55,000.00",
,943,,PEDA,"ANNIVERSARY POLOSHIRT, 41@575",,"23,575.00",
,944,08/17/23,PHILHEALTH XI,"TARPAULIN BACKDROP, 1@1440",23-08-179,"1,440.00",
,945,08/08/23,PSA XI,"UMBRELLA, 262@300",SOCD-2023-07-07,"78,600.00",
,946,08/23/23,DAVAO CENTRAL CHEMICAL CORPORATION,"PRINT SACKS, 500@7",,"3,500.00",
,947,08/29/23,DMSFI,"EMERGENCY ACRYLIC SIGNAGE W/ MINDANAOAN ACCENT PRINTED STICKER ON POST DOUBLE FACE SIGNAGE 3 FT X 8 FT, 1 LOT@115000",2300079,"115,000.00",
,948,08/29/23,DMSFI,"DMSF LOGO ACRYLIC BUILDUP LIGHTED SIGNAGE, 1 LOT@20000; DMSF LOGO ACRYLIC LOGO SIGNAGE 12"" DIAMETER AT COO OFFICE, 2@6000",23-027,"32,000.00",
,949,08/30/23,DAVAO DOCTORS HOSPITAL (CLINICA HILARIO) INC.,"LINEN PRINT SUBLIMATION, 4000@32","188,657","128,000.00",
,950,08/30/23,NAPOLCOM XI,"CUSTOMIZED TSHIRT, 46@400",3208016,"18,400.00",
5,951,07/17/23,ZUMMIT FOODS CORPORATION,MAINTENANCE TSHIRT W/ ZUMMIT FOODS CORP. EMBROIDERY,XO-01085,"17,400.00",
,952,07/11/23,PHILHEALTH XI,VARIOUS ITEMS,23-06-117,"5,875.00",
,953,09/04/23,SUTHERLAND GLOBAL SERVICES PHILIPPINES INC.,VARIOUS ITEMS,,"121,910.00",
,954,09/04/23,SUTHERLAND GLOBAL SERVICES PHILIPPINES INC.,VARIOUS ITEMS,,"27,470.00",
,955,09/04/23,SUTHERLAND GLOBAL SERVICES PHILIPPINES INC.,VARIOUS ITEMS,,"68,193.00",
,956,09/04/23,SUTHERLAND GLOBAL SERVICES PHILIPPINES INC.,UMBRELLA,,"10,000.00",
,957,09/04/23,SUTHERLAND GLOBAL SERVICES PHILIPPINES INC.,GATEPASS,,"10,800.00",
,958,09/04/23,SUTHERLAND GLOBAL SERVICES PHILIPPINES INC.,GATEPASS; WORK PERMIT,,"25,200.00",
,959,09/04/23,SUTHERLAND GLOBAL SERVICES PHILIPPINES INC.,GATEPASS; WORK PEMIT,,"25,200.00",
,960,08/30/23,PHILHEALTH XI,VARIOUS ITEMS,22-12-353,"61,529.00",
,961,08/30/23,PHILHEALTH XI,"KONSULTA PRMOTIONAL JACKET, 297@800",23-06-151,"237,600.00",
,962,09/01/23,FULL POTENTIAL SOLUTIONS PHILIPPINES INC. ,"POLOSHIRT W/ EMBROIDERY, 18@500",,"9,000.00",
,963,09/05/23,PAG-IBIG FUND,"TARPAULIN 8 FT X 5 FT, 8@640; TARPAULIN W/ STAND & MECHANICS, 6@1500; TARPAULIN W/O STAND, 4@300",SSWM23-09-151 TO 161,"15,320.00",
,964,09/05/23,IBEX GLOBAL SOLUTIONS PHILIPPINES INC,"R&M SUPPLIES/REPLACEMENT, 6 UNITS@6000",115704,"36,000.00",
,965,09/06/23,DILG XI ,"HARD HAT, 113@240",2023-08-276,"27,120.00",
,966,09/08/23,DILG XI ,"HARD HAT, 3@240",,720.00,
,967,09/08/23,DMSFI,"DMSF LOGO ACRYLIC BUILDUP LIGHTED SIGNAGE 4 FT DIAMETER W/ ADDITIONAL LIGHTING ON THE EXISTING STAINLESS BUILDUP, 1 LOT@80000",2300026,"80,000.00",
,968,09/08/23,DMSFI,"TARP 4 FT X 5 FT, 3@300",,900.00,
,969,09/08/23,DAVAO DOCTORS HOSPITAL (CLINICA HILARIO) INC.,"UMBRELLA, 40@370",191255,"14,800.00",
,970,09/09/23,DAVAO DOCTORS HOSPITAL (CLINICA HILARIO) INC.,"PRINT LOGO, 4000@25",189985,"100,000.00",
,971,,NIA XI,"PLAQUE (STAINLESS TYPE), 3@1450",JO-2023-17-125-A,"4,350.00",
,972,09/14/23,DMSFI,"DMSF LOGO ACRYLIC BUILDUP LIGHTED SIGNAGE 8 FT, 1 LOT@190000",2300025,"190,000.00",
,973,09/14/23,ATENEO DE DAVAO UNIVERSITY,"POLOSHIRTS W/ EMBROIDERY COMBINATION, 18@830",,"14,940.00",
,974,,IBEX GLOBAL SOLUTIONS PHILIPPINES INC,"TARP 3 FT X 4 FT, 4 SETS@672",,"2,688.00",
,975,09/16/23,IBEX GLOBAL SOLUTIONS PHILIPPINES INC,"TARP BACK TO BACK (HANG),  4 SETS@672",,"2,688.00",
,976,09/20/23,IBEX GLOBAL SOLUTIONS PHILIPPINES INC,"POLOSHIRTS FULL COLORS, 20@550",,"11,000.00",
,977,09/21/23,DEPARTMENT OF TRADE AND INDUSTRY XI ,"TSHIRT BLACK, 50@185",2023-09-247,"9,250.00",
,978,09/22/23,UP MINDANAO,"TSHIRT SUBLIMATION, 140@400",2023-09-630,"56,000.00",
,979,09/25/23,LAPANDAY FOODS CORPORATION,"SINTRA BOARD 12"" X 18"", 73@140; SINTRA BOAR S-15""X22""",91101092622,"11,030.00",
,980,09/25/23,IBEX GLOBAL SOLUTIONS PHILIPPINES INC,"JACKET EMBROIDERY ONLY, 95@450",,"42,750.00",
,981,09/25/23,DMSFI,"TARP 3 FT X 6 FT, 3@270",,810.00,
,982,09/25/23,DMSFI,"TSHIRTS OSA, 175@200",,"35,000.00",
,983,,NATIONAL POLICE COMMISSION XI,POLOSHIRT GRAY EMBROIDERED,2309020,"19,500.00",
,984,09/23,MARINA XI,"ARTA ID W/ CARD HOLDER/ 35@220; ORGANIZATIONAL CHART, 2@324; CSC ANNIVERSARY TARP., 1@720",2023-0050,"9,068.00",
,985,09/27/23,DMSFI,"TSHIRT COLLEGE OF MEDICINE, 73@350",,"25,550.00",
,986,09/27/23,DMSFI,"TARP PINNING, 1@3210",,"3,210.00",
,987,09/28/23,DMSFI,"LIGHTED PYLON ACRYLIC SIGNAGE W/ MINDANAOAN ACCENT, 1 LOT@125000",2300116,"125,000.00",
,988,09/28/23,DMSFI,"LIGHTED PYLON DIRECTIONAL ACRYLIC SIGNAGE W/ MINDANAOAN PRINTED STICKER, 1 LOT@110000",2300115,"110,000.00",
,989,09/28/23,DMSFI,LIGHTED PYLON DIRECTIONAL ACRYLIC SIGNAGE W/ MINDANAOAN ACCENT PRINTED STICKER ON POST,2300114,"110,000.00",
,990,09/28/23,DAVAO CONCRETE POLES CORPORATION,"TSHIRT SHORT SLEEVE, 77@220; TSHIRT SHORT SLEEVE W/ LOGO, 123@210",8416,"42,770.00",
,991,,BSP,"TARP, 1@576",6600000764,576.00,
,992,10/04/23,PHILHEALTH XI,"WHITEBOARD GLASSBOARD, 3 UNITS@25000",23-08-203,"75,000.00",
,993,10/03/23,DMSFI,"TARP 4 X 8 FT, 2@480; TARP 3 X 5 FT, 6@225",,"2,310.00",
,994,10/03/23,FULL POTENTIAL SOLUTIONS,VARIOUS ITEMS,,"24,004.00",CANCELLED
,995,10/03/23,FULL POTENTIAL SOLUTIONS,VARIOUS ITEMS,,"29,500.00",CANCELLED
,996,10/03/23,FULL POTENTIAL SOLUTIONS,VARIOUS ITEMS,,"29,500.00",
,997,,PHILHEALTH XI,VARIOUS ITEMS,,"9,676.00",
,998,,PHILHEALTH XI,"TARPAULIN, 1@1800",23-08-209,"1,800.00",
,999,,PHILHEALTH XI,VARIOUS ITEMS,,"2,012.28",
,1000,10/05/23,IBEX GLOBAL SOLUTIONS PHILIPPINES INC,"ROLLUP, 1@1600",,"1,600.00",
6,1001,08/17/23,DMSFI,TARPAULIN WELCOME TARP (OSA) 1@360,,360.00,
,1002,09/22/23,PAG-IBIG FUND,"TARPAULIN 12 FT X 8 FT, 1@15",SSWM-23-09-276-SM23046,15.00,
,1003,09/25/23,USEP,"PAINT FOR DISPLAY PANELS, 1 LOT@14,800",,"14,800.00",
,1004,09/25/23,USEP,"PHOTOBOOTH RENTAL, 1 LOT@6000",2023-09-0840,"6,000.00",
,1005,09/25/23,USEP,"TARPAULIN PRINITNG & LAYOUT, 1@2650",2023-09-0841,"2,650.00",
,1006,09/28/23,DILG XII,"CUSTOMIZED TOTEBAG, 300@290; TUBLER, 300@390",2023-09-297,"204,000.00",
,1007,09/29/23,BUREAU OF CUSTOMS,DRYSEAL STAMP,,"4,700.00",CANCELLED
,1008,09/29/23,BUREAU OF CUSTOMS,"DRYSEAL STAMP, 2@4700",2023-09-0071,"9,400.00",
,1009,09/29/23,BARANGAY CABANTIAN,"TSHIRTS ARAW, 400@210",,"84,000.00",
,1010,09/29/23,DAVAO DOCTORS HOSPITAL (CLINICA HILARIO) INC.,LINEN BED SHEET (PRINT) 4000@32,"191,984","128,000.00",
,1011,07/15/23,IBEX GLOBAL SOLUTIONS PHILIPPINES INC,"BACK TO BACK TARP, 4@672",,"2,688.00",
,1012,09/16/23,IBEX GLOBAL SOLUTIONS PHILIPPINES INC,"TARP BACK TO BACK (BEST IN CLASS DAVAO), 4 SETS@632",,"2,688.00",
,1013,,UP MINDANAO,"JACKET W/ EMBROIDERY LOGO, 8@1500; POLOSHIRT, 16@600",2023-09-666,"21,600.00",
,1014,,DMSFI,"TARP, 2@225",,450.00,
,1015,10/05/23,IBEX GLOBAL SOLUTIONS PHILIPPINES INC,"ROLLUP MEDICAL AESTHETIC, 1@1600",,"1,600.00",
,1016,10/09/23,DAVAO DOCTORS HOSPITAL (CLINICA HILARIO) INC.,"BUTTON PIN, 300@15","193,269","4,500.00",
,1017,10/10/23,DCCC,"KRAFT PRINT, 3900@7",87723,"27,300.00",
,1018,10/11/23,IBEX GLOBAL SOLUTIONS PHILIPPINES INC,"POSTER MATTE, 2@480",,960.00,
,1019,10/10/23,DAVAO CONCRETE POLES CORPORATION,HEALTH AND SAFETY TSHIRT WHITE,,"20,940.00",
,1020,10/12/23,DMSFI,"TARP 3 FT X 6 FT INTRAMS WINNER, 2@270",,540.00,
,1021,,USEP,"PHOTOBOOTH RENTAL, 1 LOT@6000",2023-10-0886,"6,000.00",
,1022,10/13/23,PHILHEALTH XI,"TARP EFW 2 FT X 5 FT GLOSSY TYPE, 5@630",23-09009,"3,150.00",
,1023,10/11/23,IBEX GLOBAL SOLUTIONS PHILIPPINES INC,"POSTER MATTE ORGANIZATION CHART, 2@480",,960.00,
,1024,10/16/23,PAG-IBIG FUND,"TRIFIT SHIRT W/ PRINT, 759@137",SSWM23-09-311,"103,983.00",
,1025,10/16/23,IBEX GLOBAL SOLUTIONS PHILIPPINES INC,"UMBRELLA RED, 8@350; UMBRELLA BLACK, 7@350; CAP DTV, 15@280",,"9,450.00",
,1026,10/17/23,IBEX GLOBAL SOLUTIONS PHILIPPINES INC,VARIOUS ITEMS,,"119,690.00",
,1027,10/19/23,SUTHERLAND GLOBAL SERVICES PHILIPPINES INC.,VARIOUS ITEMS,,"14,860.00",
,1028,10/19/23,SUTHERLAND GLOBAL SERVICES PHILIPPINES INC.,VARIOUS ITEMS,,"23,997.00",
,1029,10/19/23,SUTHERLAND GLOBAL SERVICES PHILIPPINES INC.,VARIOUS ITEMS,,"53,190.00",
,1030,10/19/23,SUTHERLAND GLOBAL SERVICES PHILIPPINES INC.,TSHIRT SUBLIMATION,,"22,500.00",
,1031,,IBEX GLOBAL SOLUTIONS PHILIPPINES INC,VARIOUS ITEMS,,,CANCELLED
,1032,10/23/23,IBEX GLOBAL SOLUTIONS PHILIPPINES INC,VARIOUS ITEMS,,"16,260.00",
,1033,10/19/23,DMSFI,"REMOVAL OF OLD DENTISTRY BUILDING SIGNAGE/INSTALLATION OF NEW DMSF DENTISTRY BUILDING SIGNAGE USING ALUMINUM CLADDING AS BASE AND LIGHTED ACRYLIC BUILD-UP FOR THE LOGO AND TEXT 43 INCHES X 240 INCHES, 1LOT@295000",2300147,"275,000.00",LESS DISCOUNT
,1034,10/19/23,DMSFI,"REMOVAL OF OLD DMSF HOSPITAL SIGNAGE AND INSTALLATION OF NEW DMSF HOSPITAL SIGNAGE USING LIGHTED ACRYLIC BUILD-UP FOR THE TEXT DIMENSIONS 73 CM X 655 IN WIDTH, 1LOT@250000",2300164,"235,000.00",LESS DISCOUNT
,1035,10/23/23,IBEX GLOBAL SOLUTIONS PHILIPPINES INC,"ROLLUP W/TARP, 5@1650",,"8,250.00",
,1036,10/24/23,FULL POTENTIAL SOLUTIONS PHILIPPINES INC. ,"ROLLUP W. MECHANISM HALLOWEEN, 3@1600",,"4,800.00",
,1037,10/24/23,IBEX GLOBAL SOLUTIONS PHILIPPINES INC,"AQUA FLASK W/ PRIDE TIVO STARS, 3@850; AQUA FLASK W/ PRINT TIVO, 8@850",,"9,350.00",
,1038,10/26/23,FULL POTENTIAL SOLUTIONS PHILIPPINES INC. ,"TARP 6 FT X 8 FT INSTALLATION, 3@1100; R of mechanism, 3@1600",,"8,100.00",
,1039,10/01/23,DMSFI,"TARP MEDICAL 4 FT X 8 FT, 1@480; TARP ORGANIZATIONAL, 6@55",,330.00,
,1040,10/31/23,IBEX GLOBAL SOLUTIONS PHILIPPINES INC,"TARP WELCOME PULL UP, 4@450",,"1,800.00",
,1041,10/12/23,PHILHEALTH XI,"CEREMONIAL PHILHEALTH ID CARD, 1@1200; TARPAULIN 4 FT X 8 FT, 1@576",JO-23-10-018,"1,876.00",
,1042,11/03/23,FULL POTENTIAL SOLUTIONS PHILIPPINES INC. ,TSHIRTS,,"18,900.00",
,1043,11/06/23,IBEX GLOBAL SOLUTIONS PHILIPPINES INC,"POLSHIRTS W/ PRINT DIRECTV, 30@500; POLOSHIRT CONGSLEEVE, 1@550",,"15,550.00",CANCELLED
,1044,10/06/23,IBEX GLOBAL SOLUTIONS PHILIPPINES INC,POLSHIRTS W/ PRINT DIRECTV,,"17,280.00",
,1045,11/07/23,USEP,"UMBRELLA SMARRDEC, 100@302",2023-11-1006,"30,200.00",
,1046,11/07/23,DAVAO DOCTORS HOSPITAL (CLINICA HILARIO) INC.,VARIOUS ITEMS,190317,"251,360.00",
,1047,11/06/23,DAVAO DOCTORS HOSPITAL (CLINICA HILARIO) INC.,VARIOUS ITEMS,196435,"6,750.00",
,1048,11/11/23,DAVAO DOCTORS HOSPITAL (CLINICA HILARIO) INC.,"POLOSHIRT COMBI LAVENDER AND BLACK, 26@450",196841,"11,700.00",
,1049,11/11/23,FULL POTENTIAL SOLUTIONS PHILIPPINES INC. ,"STICKER FOR VAN W/ MAGNETIC SHEET, 8@400",,"3,200.00",CANCELLED
,1050,11/10/23,IBEX GLOBAL SOLUTIONS PHILIPPINES INC,"TARP ROLLUP W/ MECHANISM, 5@1650",,"8,250.00",
7,1051,10/23/23,DMSFI,"ORGANIZATION 2 X 3 FT, 6@90",,540.00,
,1052,,IBEX GLOBAL SOLUTIONS PHILIPPINES INC,,,,CANCELLED
,1053,,PPA DAVAO,"TOTE BAG, 400@150",,"60,000.00",
,1054,11/20/23,PAG-IBIG FUND,TARPAULIN BANNER TYPE 3 X 5 CAMPAIGN TO END VIOLENCE AGAINST WOMEN,SSWM-23-11-429,"3,360.00",
,1055,11/20/23,COMMISSION IN POPULATION AND DEVELOPMENT XI,"POLOSHIRT SUBLIMATION XS-L, 62@435; POLOSHIRT XL-2XL, 18@450",2023-11-0167,"35,070.00",
,1056,11/21/23,JEWM AGRO-INDUSTRIAL CORPORATION,"TSHIRT W/ PRINT, 19@155",,"2,945.00",
,1057,11/21/23,SUTHERLAND GLOBAL SERVICES PHILIPPINES INC.,VARIOUS ITEMS,,"12,590.00",
,1058,11/21/23,SUTHERLAND GLOBAL SERVICES PHILIPPINES INC.,TSHIRT W/ PRINT,,"11,500.00",DR#: 1695
,1059,11/21/23,SUTHERLAND GLOBAL SERVICES PHILIPPINES INC.,PRIDE SHIRTS,,"7,500.00",DR#: 774
,1060,11/21/23,SUTHERLAND GLOBAL SERVICES PHILIPPINES INC.,VARIOUS ITEMS,,"45,360.00",
,1061,11/21/23,SUTHERLAND GLOBAL SERVICES PHILIPPINES INC.,VARIOUS ITEMS,,"18,833.00",
,1062,11/21/23,SUTHERLAND GLOBAL SERVICES PHILIPPINES INC.,VARIOUS ITEMS,,"23,084.00",
,1063,11/21/23,SUTHERLAND GLOBAL SERVICES PHILIPPINES INC.,VARIOUS ITEMS,,"230,750.00",
,1064,11/21/23,SUTHERLAND GLOBAL SERVICES PHILIPPINES INC.,VARIOUS ITEMS,,"127,500.00",
,1065,11/21/23,BANGKO SENTRAL NG PILIPINAS MRO,"WHITE VNECK UNDERSHIRTS, 414@425; BLACK VNECK UNDERSHIRTS, 276@435; BLACK SOCKS, 659@245; DARK GRAY SPORTS SHIRTS, 271@430; JOGGING PANTS, 3@595; RUNNING SHORTS, 268@555",,"724,520.00",
,1066,,BANGKO SENTRAL NG PILIPINAS,"PRINTING OF TARP 1 LOT,; 6 X 3 ECONOMI AND FINANCIAL LITERACY WEEK, 1PC; 11 X 4 FOR THE 18 DAY CAMPAIGN TO END VIOLENCE AGAINS WOMEN, 1PC",6600001011,"1,110.00",
,1067,11/23/23,PHILHEALTH XI,"TARP 2 X 12 LH10 TAGUM, 1PC; TARP 7 X 4, 1PC",SO-23-10-021,"2,016.00",
,1068,11/24/23,IBEX GLOBAL SOLUTIONS PHILIPPINES INC,VARIOUS ITEMS,,"36,876.00",
,1069,11/28/23,DMSFI,"TARP 1 X 3, 12@45; TARP 1X3, 8@45",,900.00,
,1070,11/28/23,DAVAO FISHPORT COMPLEX,"TSHIRT W/ PRINT, 43@240",,"10,320.00",
,1071,11/29/23,PSA DAVAO REGION,"POLOSHIRTS FOR MONTHLY PALAY CORN SITUATION - COTTON, 85@475",SOCD-2023-11-45,"40,375.00",
,1072,11/29/23,PSA DAVAO REGION,"POLOSHIRTS FOR PALAY + CORN PROD. SURVERY - COTTON, 95@475",SOCD-2023-11-03,"45,125.00",
,1073,11/30/23,USEP,"8GB FLASHDRIVE, 40@380; 2024 PLANNER, 40@138; TRIFOLD UMBRELLA, 25@238; POWERBANK 10000 MAH, 3@590; NOTEBOOK/JOURNAL, 15@120",2023-11-10683,"30,240.00",
,1074,11/30/23,DMSFI,"2 X 3 WELCOME TARP PASKO, 1@90; 4 X 6 WELCOME TARP PASKO, 1@360; 1 X 3 FINANCE OFFICE ORG., 1@45",,495.00,
,1075,12/01/23,IBEX GLOBAL SOLUTIONS PHILIPPINES INC,VARIOUS TARPAAULINS,,"25,984.45",
,1076,12/02/23,DMSFI,"TSHIRTS AMBULATORY DRYFIT, 59@180",,"10,620.00",
,1077,12/02/23,PSA DAVAO DEL SUR,"POLOSHIRT, 55@745",PSA-DDS-23-87,"40,975.00",
,1078,12/05/23,WESTERN INTERWEB NETWORK INC.,"PRINT LABOR TSHIRT, 100@60",,"6,000.00",
,1079,12/05/23,IBEX GLOBAL SOLUTIONS PHILIPPINES INC,"TUMBLER BLUE, 50@600",,"30,000.00",
,1080,,PHILIPPINE PORTS AUTHORITY,"FLASH MUG, 27@270",,"8,100.00",
,1081,12/07/23,PAG-IBIG FUND,"TARP 3 X 5 PLEDGE OF COMMITMENT MINDANAO GROUP, 1@240",,240.00,
,1082,12/07/23,IBEX GLOBAL SOLUTIONS PHILIPPINES INC,"TARP ROLLUP REPLACEMENT PASKO, 2@450",,900.00,
,1083,12/08/23,IBEX GLOBAL SOLUTIONS PHILIPPINES INC,"GLASS W/ PRINT, 20@190",,"3,800.00",
,1084,12/09/23,IBEX GLOBAL SOLUTIONS PHILIPPINES INC,"TARP PODIUM SOLOHIYA 47 CM X 97 CM, 16@87.50",,"1,400.00",
,1085,12/10/23,DILG XI,"OPERATION LISTO DISASTER PREPAREDNESS MANUAL, 65 SETS@1390",11-415,"90,870.00",
,1086,12/10/23,DILG XI,"CUSTOMIZED FABRICATION OF TRAINING KIT BAGS, 65@600",2023-11-401,"39,000.00",
,1087,12/10/23,DILG XI,"TSHIRTS PRINTING TO THE PARTICIPATING TRAINING TEAM OF OPERATION LISTO DISASTER PREPAREDNESS MANUAL, 116@430",2023-11-402,"49,880.00",
,1088,12/10/23,DILG XI,"CUSTOMIZED/FABRICATION OF TRAINING KIT BAGS, 36@600",,"21,600.00",
,1089,12/11/23,IBEX GLOBAL SOLUTIONS PHILIPPINES INC,"ABG WALL BRANDING, 1 LOT@ 501150",120377,"501,150.00",
,1090,12/11/23,DTI XI,"TSHIRTS BLACK W/ PRINT, 50@245",,"12,250.00",
,1091,12/13/23,DMSFI,"STICKER ON ACRYLIC DOOR SIGN 7.5 X 16.5, 9@800",2300205,"7,200.00",
,1092,12/14/23,PAG-IBIG FUND,VARIOUS TARPAULINS,,"12,438.00",
,1093,12/14/23,PCA XI,"WALL CLOCK, 15@300",,"4,500.00",
,1094,12/15/23,PAG-IBIG FUND,"ECO BAG VAW FREE PHILIPPINES, 160@60",,"9,600.00",
,1095,11/03/23,PPA,"BAG W/ PRINT, 20@140; DISPENSER, 20@65",,"4,100.00",
,1096,12/14/23,DMSFI,"TSHIRTS PASKO, 1165@190",,"221,350.00",
,1097,12/15/23,PAG-IBIG FUND,"LABOR AND MATERIAL FOR THE SUPPLY AND DELIVERY INSTALLATION OF 2 PCS SIGNAGE INTERIOR, 2@2300",SM-23066,"4,600.00",
,1098,12/18/23,PSA XI,"POLOSHIRT FOR THE PALAY AND CORN PRODUCTION SURVEY OPERATION, 575@420",SOCD-2023-12-01,"241,500.00",
,1099,12/19/23,PAG-IBIG FUND,"PULLUP BANNER W/ ALUMINUM STANDEE 2.75 X 5 FT, 6@1450; BANNER TYPE 3 X 5, 8@225; BANNER TYPE 6 X 6.5, 2@585; BANNER TYPE 6 X 8, 1@768",SM-23147,"12,438.00",
,1100,,,,,,NO CONTENT
8,1101,12/05/23,DAVAO CONCRETE POLES CORPORATION,"LONGSLEEVE DRIFIT, 250@200",8553,"50,000.00",
,1102,12/14/23,DMSFI,"TARPAULIN MASTERPLAN 8 X 14 FT, 2@2240",,"4,480.00",
,1103,12/13/23,LAPANDAY FOODS CORPORATION,"CANVAS TARPAULIN 36 X 48, 6@216; SINTRA BOARD 12 X 16 IN, 5@140; CANVASS TARPAULIN 15 X 22 IN, 7@40",91109193619,"2,276.00",
,1104,,PHILHEALTH XI,VARIOUS ITEMS,,"690,506.00",
,1105,12/15/23,DAVAO DOCTORS HOSPITAL (CLINICA HILARIO) INC.,"WHISTLE - ASSTD COLORS, 500@15",199043,"7,500.00",
,1106,12/21/23,SUTHERLAND GLOBAL SERVICES PHILIPPINES INC.,TARP ERP @742.50; SWEATER@7000,,"7,742.50",
,1107,12/21/23,SUTHERLAND GLOBAL SERVICES PHILIPPINES INC.,VARIOUS ITEMS,,"45,392.00",
,1108,12/21/23,SUTHERLAND GLOBAL SERVICES PHILIPPINES INC.,TUMBLER/TSHIRT @7600; HOODY AQUA BLUE @42500,,"109,500.00",
,1109,12/21/23,SUTHERLAND GLOBAL SERVICES PHILIPPINES INC.,JACKET@14400; PAROL FRAME@2345; ECOBAG@20000; JACKET BAG@25500,,"62,245.00",
,1110,12/18/23,UP MINDANAO,"TSHIRTS W/ PRINT, 150@400",2023-12-1001,"60,000.00",
,1111,12/19/23,PSA XI,"POLOSHIRT FOR PERSONAL INVOLVED IN PROVINCIAL PRODUCT ACCOUNT (PPA-NATIONWIDE), 575@420",SOCD-2023-12-01,"241,500.00",
,1112,11/23/23,BUREAU OF CUSTOMS,"TARPAULIN 4 X 11, 2@792; NOTEPAD, 187@220",2023-11-0097,"42,724.00",
,1113,11/28/23,BUREAU OF CUSTOMS,"TSHIRT WAW, 187@300",2023-11-0098A,"56,100.00",
,1114,12/28/23,DAVAO DOCTORS HOSPITAL (CLINICA HILARIO) INC.,"PRINT ONLY FOR LINEN, 32@4000; PRINT ONLY FOR PILLOW CASE, 25@4000",,"228,000.00",
,1115,12/28/23,FULL POTENTIAL SOLUTIONS PHILIPPINES INC. ,VARIOUS ITEMS,,"19,990.00",CANCELLED
,1116,12/28/23,FULL POTENTIAL SOLUTIONS PHILIPPINES INC. ,"JACKET, 6@800",,"4,800.00",
,1117,01/13/24,IBEX GLOBAL SOLUTIONS PHILIPPINES INC,VARIOUS ITEMS,,"23,100.00",
,1118,01/15/24,LAPANDAY FOODS CORPORATION,"CALLING CARD, 1 BOX@350",9110193518,350.00,
,1119,,NIA XI,"OFFICE JACKET W/ NIA EMBROIDER, 115@850",,,
,1120,01/16/24,DAVAO DOCTORS HOSPITAL (CLINICA HILARIO) INC.,VAARIOUS ITEMS,,"83,300.00",
,1121,,PHILHEALTH XI,"DRYFIT FOR MAN COM, 50@429",,"21,450.00",
,1122,01/17/24,PHILHEALTH XI,"FOLDABLE FAN WHITE, 1000@30; BAMBOO FLASK, 81@475",23-12-038,"68,475.00",
,1123,01/22/24,DMSFI,"REMOVAL OF EXISTING SIGNAGE & INSTALLATION OF NEW LIGHTS ACRYLIC BUILDUP DOUBLE FACED SIGNAGE W/ ALUMINUM CLADDING AS BASE, 2 UNITS @56000",2300264,"50,000.00",60000 DISCOUNT
,1124,01/22/24,DMSFI,VARIOUS ITEMS,2300224,"85,000.00",15000 DISCOUNT
,1125,01/24/24,DMSFI,"LIGHTED PYLON CORRECTIONAL ACRYLIC SIGNAGE W/ MINDANAOANACCENT STICKER ON POST 4 X 8 FT, 1 LOT@110000",23000114,"110,000.00",
,1126,01/24/24,DMSFI,"LIGHTED PYLON CORRECTIONAL ACRYLIC SIGNAGE W/ MINDANAOANACCENT STICKER ON POST 4 X 8 FT, 1 LOT@110000",23000115,"110,000.00",
,1127,01/24/24,DMSFI,"LIGHTED PYLON CORRECTIONAL ACRYLIC SIGNAGE W/ MINDANAOAN ACCENT PRINTED STICKER ON POST MAIN BUILDING NEAR JUNA PARK DOUBLE SIDED SIGNAGE 4 FT X 8 FT, 1 LOT@125000",23000116,"125,000.00",
,1128,01/26/24,FULL POTENTIAL SOLUTIONS PHILIPPINES INC. ,"MUG INSULATED, 50@250; FOLDABLE UMBRELLA, 30@250; JACKET, 10@800",,"28,000.00",CANCELLED
,1129,01/29/24,DAVAO DOCTORS HOSPITAL (CLINICA HILARIO) INC.,"CUSTOMIZED MUG W/ MUG BOX, 200@60",200502,"12,000.00",
,1130,02/01/24,IBEX GLOBAL SOLUTIONS PHILIPPINES INC,"PACKBAG TIVO (BLACK), 9@500",,"4,500.00",
,1131,02/07/24,LISA'S TENDER LEAN MEAT,"POLO SHIRTS H.C., 6@420",,"2,520.00",
,1132,,PHILHEALTH XI,VARIOUS ITEMS,,"5,256.00",
,1133,02/13/24,SUTHERLAND GLOBAL SERVICES PHILIPPINES INC.,VARIOUS ITEMS,,"75,286.00",
,1134,02/13/24,SUTHERLAND GLOBAL SERVICES PHILIPPINES INC.,VARIOUS ITEMS,,"39,492.00",
,1135,02/13/24,SUTHERLAND GLOBAL SERVICES PHILIPPINES INC.,VARIOUS ITEMS,,"103,000.00",
,1136,02/13/24,SUTHERLAND GLOBAL SERVICES PHILIPPINES INC.,VARIOUS ITEMS,,"7,555.00",
,1137,02/14/24,POPCOM XI,"ADVOCACY POLOSHIRTS MAROON, 100@370; ADVOCACY POLOSHIRTS GRAY, 100@370",2024-01-007,"74,000.00",
,1138,02/09/24,IBEX GLOBAL SOLUTIONS PHILIPPINES INC,"TARP 1 FT X 2 FT, 15@36",,540.00,
,1139,02/16/24,IBEX GLOBAL SOLUTIONS PHILIPPINES INC,"DTV BREAKFAST OF CHAMPIONS PULL UP TARP, 2@450",,900.00,
,1140,02/19/24,FULL POTENTIAL SOLUTIONS PHILIPPINES INC. ,"TABLE TOPPER SIGNS 8 X 10 M, 3@250; TABLE TOPPER 6.5 X 5.3, 7@1050",,"1,800.00",
,1141,,PSA XI,"UMBRELLA NICTHS, 71@300",SOCD-2024-01-12,"21,300.00",
,1142,,PSA XI,"POLO SHIRT 2023 FOR NICTHS, 94 PCS",SOCD-2024-01-11,"32,900.00",
,1143,,PHILHEALTH XI,"TOKEN PHILHEALTH 29TH ANNIVERSARY ON FEB 14, 2024, 15 PCS",24-02-029,"3,500.00",
,1144,,PSA XI,"POLOSHIRT W/ PRINT, 253@440; UMBRELLA, 106@320",SOCD-2024-01-08,"145,240.00",
,1145,02/23/24,DETAILS ONLINE INRIVER PHILIPPINES,"FROSTED STICKER W/ INSTALLATION, 3 GLASS PANEL, 2 GLASS DOOR, 1 LOT@25000",,"25,000.00",
,1146,,PSA XI,"POLOSHIRT, 38@450",SOCD-2024-02-02,"17,100.00",
,1147,02/26/24,DILG DAVAO CITY,"FABRICATION OF 1 UNIT DILG BANNER, 1@3500",2024-02,"3,500.00",
,1148,02/27/24,DAVAO CENTRAL CHEMICAL CORPORATION,"POLOSHIRT UNIFORM ADMIN, 61@520; LONG SLEEVES UNIFORM ADMIN, 29@580",0000365,"48,540.00",
,1149,02/27/24,DAVAO CENTRAL CHEMICAL CORPORATION,"POLOSHIRT UNIFORM FOR PRODUCTION/POLOSHIRT UNIFORM W/ POCKET AND COMPANY LOGO, 41@520; LONGSLEEVE UNIFORM PRODUCTION, 115@580",0000366,"88,020.00",
,1150,,NIA DIGOS CITY,"JACKET W/ EMBROIDERY, 84@850",,"71,400.00",
9,1151,12/11/23,NIA DAVAO SUR,"POLOSHIRTS, 26@550",,"14,300.00",
,1152,,PHILIPPINE FISHERIES DEVELOPMENT AUTHORITY,"GAD T-SHIRT, 41@240",,"9,840.00",
,1153,02/28/2024,IBEX GLOBAL SOLUTIONS PHILIPPINES INC.,VARIOUS ITEMS,,"54,910.00",
,1154,02/29/24,USEP,"MEDAL 2x2 IN, 20@60; PLAQUE DIAMOND-SHAPED ACRYLIC, 3@700; TOKEN (BUTTON PINS, KEYCHAIN, MUG, TOTEBAG",2024-02-0073,"5,400.00",
,1155,02/29/24,DAVAO DOCTORS HOSPITAL (CLINICA HILARIO) INC.,"BANNER, 1@500",,500.00,
,1156,03/05/24,PAG-IBIG FUND,"ADVOCACY CUSTOMIZED TOKEN CLOTH, 762@80",2024-02-014,"60,960.00",
,1157,03/06/24,DEPARTMENT OF TOURISM XI,POLOSHIRT WOMEN'S MONTH THEME,2024-032,,
,1158,03/06/24,FPS TECH PHILIPPINES INC.,"PULLUP ROLLUP, 1@1600; TARP, 2@450",,2500,
,1159,,BFP XI,"SUBLIMATION TSHIRT, 150@700; TARPAULIN, 1@1152",LOG-2024-02-019,"106,152.00",
,1160,,BFP XI,"NATIONAL FIRE OLYMPICS UNFORM, 41@2000",LOG-2024-02-026,"82,000.00",
,1161,03/07/24,NIA XI,"POLOSHIRT, 122@400",,"48,800.00",
,1162,,BUCOR,"TSHIRT W/ PRINT, 49@200",,"49,800.00",
,1163,,PHILHEALTH XI,"TSHIRT FOR WOMENS MONTH, 20@240",,"4,800.00",
,1164,,PHILHEALTH XI,"TARP, 1@79; TARP WOMENS MONTH, 4@576",,"3,096.00",
,1165,03/12/24,DAVAO DOCTORS HOSPITAL (CLINICA HILARIO) INC.,"POLOSHIRT, 42@380",NR2023-35285,"15,960.00",
,1166,03/12/24,DAVAO DOCTORS HOSPITAL (CLINICA HILARIO) INC.,"POLOSHIRTS, 20@380",,"7,600.00",
,1167,,DILG DAVAO CITY,"POLOSHIRT, 30@500",2024-03,"15,000.00",
,1168,03/13/24,FULL POTENTIAL SOLUTIONS PHILIPPINES INC. ,"VACUUM INSULATED MUG, 40@250; FOLDABLE UMBRELLA, 40@250",,"20,000.00",CANCELELD
,1169,03/20/24,DAVAO DOCTORS HOSPITAL (CLINICA HILARIO) INC.,"POLOSHIRT, 15@450",204-358,"6,750.00",
,1170,03/20/24,DAVAO DOCTORS HOSPITAL (CLINICA HILARIO) INC.,"POLOSHIRT WHITE, 9@380",240-245,"3,420.00",
,1171,03/20/24,DAVAO DOCTORS HOSPITAL (CLINICA HILARIO) INC.,VARIOUS POLOSHIRTS,202-198,"20,900.00",
,1172,03/20/24,PAG-IBIG FUND,TARPAULINS,SSWM-24-02-242,"2,748.00",
,1173,03/21/24,DMSFI,"TARP, 4@225",,900.00,
,1174,03/22/24,PSA XI,"PLAQUE, 6@1600; MEDALS, 6@900",SOCD-2024-03-02,"11,400.00",
,1175,03/25/24,CK CITYMALL ,OUTDOOR STICKER,21000018135,257.13,
,1176,03/25/24,JOLLIBEE BOLTON,OUTDOOR STICKER,2100038134,227.67,
,1177,03/25/24,WESTERN INTERWEB NETWORK INC.,"TSHIRT PRINT ONLY, 100@60",WIN-5028,"6,000.00",
,1178,03/25/24,IBEX GLOBAL SOLUTIONS PHILIPPINES INC,"WALL BRANDING, 1 LOT@315000",124257,"315,000.00",
,1179,03/25/24,IBEX GLOBAL SOLUTIONS PHILIPPINES INC,"DTV BRANDING, 1 LOT@111500",123907,"111,500.00",
,1180,03/25/24,IBEX GLOBAL SOLUTIONS PHILIPPINES INC,"REPLACEMENT TEXTILE ON BOARD, 1 LOT@284875",123985,"284,875.00",
,1181,03/25/24,IBEX GLOBAL SOLUTIONS PHILIPPINES INC,"ABG WALL BRADNING, 1 LOT@715263",124369,"715,263.00",
,1182,03/25/24,MAXICARE HEALTHCARE CORP.,"SUPLY & INSTALLATION OF ACRYLIC FRAME, 1 LOT@4700",2600007931,"4,700.00",
,1183,,,,,,
,1184,,,,,,
,1185,,,,,,
,1186,,,,,,
,1187,,,,,,
,1188,,,,,,
,1189,,,,,,
,1190,,,,,,
,1191,,,,,,
,1192,,,,,,
,1193,,,,,,
,1194,,,,,,
,1195,,,,,,
,1196,,,,,,
,1197,,,,,,
,1198,,,,,,
,1199,,,,,,
,1200,,,,,,
10,1201,,,,,,
,1202,,,,,,
,1203,,,,,,
,1204,,,,,,
,1205,,,,,,
,1206,,,,,,
,1207,,,,,,
,1208,,,,,,
,1209,,,,,,
,1210,,,,,,
,1211,,,,,,
,1212,,,,,,
,1213,,,,,,
,1214,,,,,,
,1215,,,,,,
,1216,,,,,,
,1217,,,,,,
,1218,,,,,,
,1219,,,,,,
,1220,,,,,,
,1221,,,,,,
,1222,,,,,,
,1223,,,,,,
,1224,,,,,,
,1225,,,,,,
,1226,,,,,,
,1227,,,,,,
,1228,,,,,,
,1229,,,,,,
,1230,,,,,,
,1231,,,,,,
,1232,,,,,,
,1233,,,,,,
,1234,,,,,,
,1235,,,,,,
,1236,,,,,,
,1237,,,,,,
,1238,,,,,,
,1239,,,,,,
,1240,,,,,,
,1241,,,,,,
,1242,,,,,,
,1243,,,,,,
,1244,,,,,,
,1245,,,,,,
,1246,,,,,,
,1247,,,,,,
,1248,,,,,,
,1249,,,,,,
,1250,,,,,,
,1251,,,,,,
,1252,,,,,,
,1253,,,,,,
,1254,,,,,,
,1255,,,,,,
,1256,,,,,,
,1257,,,,,,
,1258,,,,,,
,1259,,,,,,
,1260,,,,,,
,1261,,,,,,
,1262,,,,,,
,1263,,,,,,
,1264,,,,,,
,1265,,,,,,
,1266,,,,,,
,1267,,,,,,
,1268,,,,,,
,1269,,,,,,
,1270,,,,,,
,1271,,,,,,
,1272,,,,,,
,1273,,,,,,
,1274,,,,,,
,1275,,,,,,
,1276,,,,,,
,1277,,,,,,
,1278,,,,,,
,1279,,,,,,
,1280,,,,,,
,1281,,,,,,
,1282,,,,,,
,1283,,,,,,
,1284,,,,,,
,1285,,,,,,
,1286,,,,,,
,1287,,,,,,
,1288,,,,,,
,1289,,,,,,
,1290,,,,,,
,1291,,,,,,
,1292,,,,,,
,1293,,,,,,
,1294,,,,,,
,1295,,,,,,
,1296,,,,,,
,1297,,,,,,
,1298,,,,,,
,1299,,,,,,
,1300,,,,,,
,1301,,,,,,
,1302,,,,,,
,1303,,,,,,
,1304,,,,,,
,1305,,,,,,
,1306,,,,,,
,1307,,,,,,
,1308,,,,,,
,1309,,,,,,
,1310,,,,,,
,1311,,,,,,
,1312,,,,,,
,1313,,,,,,
,1314,,,,,,
,1315,,,,,,
,1316,,,,,,
,1317,,,,,,
,1318,,,,,,
,1319,,,,,,
,1320,,,,,,
,1321,,,,,,
,1322,,,,,,
,1323,,,,,,
,1324,,,,,,
,1325,,,,,,
,1326,,,,,,
,1327,,,,,,
,1328,,,,,,
,1329,,,,,,
,1330,,,,,,
,1331,,,,,,
,1332,,,,,,
,1333,,,,,,
,1334,,,,,,
,1335,,,,,,
,1336,,,,,,
,1337,,,,,,
,1338,,,,,,
,1339,,,,,,
,1340,,,,,,
,1341,,,,,,
,1342,,,,,,
,1343,,,,,,
,1344,,,,,,
,1345,,,,,,
,1346,,,,,,
,1347,,,,,,
,1348,,,,,,
,1349,,,,,,
,1350,,,,,,
,1351,,,,,,
,1352,,,,,,
,1353,,,,,,
,1354,,,,,,
,1355,,,,,,
,1356,,,,,,
,1357,,,,,,
,1358,,,,,,
,1359,,,,,,
,1360,,,,,,
,1361,,,,,,
,1362,,,,,,
,1363,,,,,,
,1364,,,,,,
,1365,,,,,,
,1366,,,,,,
,1367,,,,,,
,1368,,,,,,
,1369,,,,,,
,1370,,,,,,
,1371,,,,,,
,1372,,,,,,
,1373,,,,,,
,1374,,,,,,
,1375,,,,,,
,1376,,,,,,
,1377,,,,,,
,1378,,,,,,
,1379,,,,,,
,1380,,,,,,
,1381,,,,,,
,1382,,,,,,
,1383,,,,,,
,1384,,,,,,
,1385,,,,,,
,1386,,,,,,
,1387,,,,,,
,1388,,,,,,
,1389,,,,,,
,1390,,,,,,
,1391,,,,,,
,1392,,,,,,
,1393,,,,,,
,1394,,,,,,
,1395,,,,,,
,1396,,,,,,
,1397,,,,,,
,1398,,,,,,
,1399,,,,,,
,1400,,,,,,
,1401,,,,,,
,1402,,,,,,
,1403,,,,,,
,1404,,,,,,
,1405,,,,,,
,1406,,,,,,
,1407,,,,,,
,1408,,,,,,
,1409,,,,,,
,1410,,,,,,
,1411,,,,,,
,1412,,,,,,
,1413,,,,,,
,1414,,,,,,
,1415,,,,,,
,1416,,,,,,
,1417,,,,,,
,1418,,,,,,
,1419,,,,,,
,1420,,,,,,
,1421,,,,,,
,1422,,,,,,
,1423,,,,,,
,1424,,,,,,
,1425,,,,,,
,1426,,,,,,
,1427,,,,,,
,1428,,,,,,
,1429,,,,,,
,1430,,,,,,
,1431,,,,,,
,1432,,,,,,
,1433,,,,,,
,1434,,,,,,
,1435,,,,,,
,1436,,,,,,
,1437,,,,,,
,1438,,,,,,
,1439,,,,,,
,1440,,,,,,
,1441,,,,,,
,1442,,,,,,
,1443,,,,,,
,1444,,,,,,
,1445,,,,,,
,1446,,,,,,
,1447,,,,,,
,1448,,,,,,
,1449,,,,,,
,1450,,,,,,
,1451,,,,,,
,1452,,,,,,
,1453,,,,,,
,1454,,,,,,
,1455,,,,,,
,1456,,,,,,
,1457,,,,,,
,1458,,,,,,
,1459,,,,,,
,1460,,,,,,
,1461,,,,,,
,1462,,,,,,
,1463,,,,,,
,1464,,,,,,
,1465,,,,,,
,1466,,,,,,
,1467,,,,,,
,1468,,,,,,
,1469,,,,,,
,1470,,,,,,
,1471,,,,,,
,1472,,,,,,
,1473,,,,,,
,1474,,,,,,
,1475,,,,,,
,1476,,,,,,
,1477,,,,,,
,1478,,,,,,
,1479,,,,,,
,1480,,,,,,
,1481,,,,,,
,1482,,,,,,
,1483,,,,,,
,1484,,,,,,
,1485,,,,,,
,1486,,,,,,
,1487,,,,,,
,1488,,,,,,
,1489,,,,,,
,1490,,,,,,
,1491,,,,,,
,1492,,,,,,
,1493,,,,,,
,1494,,,,,,
,1495,,,,,,
,1496,,,,,,
,1497,,,,,,
,1498,,,,,,
,1499,,,,,,
,1500,,,,,,
,1501,,,,,,
,1502,,,,,,
,1503,,,,,,
,1504,,,,,,
,1505,,,,,,
,1506,,,,,,
,1507,,,,,,
,1508,,,,,,
,1509,,,,,,
,1510,,,,,,
,1511,,,,,,
,1512,,,,,,
,1513,,,,,,
,1514,,,,,,
,1515,,,,,,
,1516,,,,,,
,1517,,,,,,
,1518,,,,,,
,1519,,,,,,
,1520,,,,,,
,1521,,,,,,
,1522,,,,,,
,1523,,,,,,
,1524,,,,,,
,1525,,,,,,
,1526,,,,,,
,1527,,,,,,
,1528,,,,,,
,1529,,,,,,
,1530,,,,,,
,1531,,,,,,
,1532,,,,,,
,1533,,,,,,
,1534,,,,,,
,1535,,,,,,
,1536,,,,,,
,1537,,,,,,
,1538,,,,,,
,1539,,,,,,
,1540,,,,,,
,1541,,,,,,
,1542,,,,,,
,1543,,,,,,
,1544,,,,,,
,1545,,,,,,
,1546,,,,,,
,1547,,,,,,
,1548,,,,,,
,1549,,,,,,
,1550,,,,,,
,1551,,,,,,
,1552,,,,,,
,1553,,,,,,
,1554,,,,,,
,1555,,,,,,
,1556,,,,,,
,1557,,,,,,
,1558,,,,,,
,1559,,,,,,
,1560,,,,,,
,1561,,,,,,
,1562,,,,,,
,1563,,,,,,
,1564,,,,,,
,1565,,,,,,
,1566,,,,,,
,1567,,,,,,
,1568,,,,,,
,1569,,,,,,
,1570,,,,,,
,1571,,,,,,
,1572,,,,,,
,1573,,,,,,
,1574,,,,,,
,1575,,,,,,
,1576,,,,,,
,1577,,,,,,
,1578,,,,,,
,1579,,,,,,
,1580,,,,,,
,1581,,,,,,
,1582,,,,,,
,1583,,,,,,
,1584,,,,,,
,1585,,,,,,
,1586,,,,,,
,1587,,,,,,
,1588,,,,,,
,1589,,,,,,
,1590,,,,,,
,1591,,,,,,
,1592,,,,,,
,1593,,,,,,
,1594,,,,,,
,1595,,,,,,
,1596,,,,,,
,1597,,,,,,
,1598,,,,,,
,1599,,,,,,
,1600,,,,,,
,1601,,,,,,
,1602,,,,,,
,1603,,,,,,
,1604,,,,,,
,1605,,,,,,
,1606,,,,,,
,1607,,,,,,
,1608,,,,,,
,1609,,,,,,
,1610,,,,,,
,1611,,,,,,
,1612,,,,,,
,1613,,,,,,
,1614,,,,,,
,1615,,,,,,
,1616,,,,,,
,1617,,,,,,
,1618,,,,,,
,1619,,,,,,
,1620,,,,,,
,1621,,,,,,
,1622,,,,,,
,1623,,,,,,
,1624,,,,,,
,1625,,,,,,
,1626,,,,,,
,1627,,,,,,
,1628,,,,,,
,1629,,,,,,
,1630,,,,,,
,1631,,,,,,
,1632,,,,,,
,1633,,,,,,
,1634,,,,,,
,1635,,,,,,
,1636,,,,,,
,1637,,,,,,
,1638,,,,,,
,1639,,,,,,
,1640,,,,,,
,1641,,,,,,
,1642,,,,,,
,1643,,,,,,
,1644,,,,,,
,1645,,,,,,
,1646,,,,,,
,1647,,,,,,
,1648,,,,,,
,1649,,,,,,
,1650,,,,,,
,1651,,,,,,
,1652,,,,,,
,1653,,,,,,
,1654,,,,,,
,1655,,,,,,
,1656,,,,,,
19,1657,01/10/25,FPS TECH PHILIPPINES INC.,"JACKET OUTDOOR W/ HOOD, 2@1200; ROLLUP TARP, 6@450",,"5,100.00",
,1658,01/14/25,NIA XI,JACKET CUSTOMIZE W/ LOGO EMBROIDERY; 131@800,MISC-2025-01-007,"104,800.00",
,1659,01/14/25,METRO CITY CHOW FOODS CORP CK CITY HALL,"11 IN X 4.25 IN CLEAR STICKER ACRYLIC, 3@65; 3 FT X 3 IN CLEAR STICKER; 2@150; 2 FT X 1 FT SINTRA BOARD, 1@320",,"1,010.00",
,1660,01/15/25,WESTERN INTERWEB NETWORK INC.,"POSTER 28 IN X 40 FT W/ INSTALLATION, 2@1000",79807,"2,000.00",
,1661,01/20/25,SUTHERLAND GLOBAL SERVICES PHILIPPINES INC.,VARIOUS ITEMS,,"38,880.00",
,1662,01/20/25,SUTHERLAND GLOBAL SERVICES PHILIPPINES INC.,VARIOUS ITEMS,,"15,742.50",
,1663,01/20/25,SUTHERLAND GLOBAL SERVICES PHILIPPINES INC.,VARIOUS ITEMS,,"9,198.00",
,1664,01/20/25,SUTHERLAND GLOBAL SERVICES PHILIPPINES INC.,VARIOUS ITEMS,,"460,000.00",
,1665,01/20/25, FLATWORLD SOLUTIONS (PHILIPPINES) INC.,"HOODIE JACKET W/ LOGO, 12@850",,"10,200.00",
,1666,,NIA - DIGOS,"JACKET, 118@800",,"94,400.00",
,1667,,,,,,NO CONTENT
,1668,,PSA,"38TH CIVIL REGISTRATION POLO SHIRTS, 90@430",24-10-RASP-64,"38,700.00",
,1669,01/27/25,DCCC,"PRINTING SACK, 300@7",89092,"2,100.00",
,1670,01/28/25,DCCC,"PRINT SACK BLUE, 300@7",,"2,100.00",
,1671,,WESTERN INTERWEB NETWORK INC.,"BLACK LONGLSEEVE 2XL, 6@350; BLACK LONGSLEEVE XL, 45@230, BLACK LONGSLEEVE L, 45@230",WM7926,"22,800.00",
,1672,01/30/25,DMSFI,"HOODIE DENTISTRY 2, 3@650",,"1,750.00",
,1673,01/30/25,IBEX GLOBAL SOLUTIONS PHILIPPINES INC.,VARIOUS ITEMS,,"23,483.50",
,1674,01/30/25,IBEX GLOBAL SOLUTIONS PHILIPPINES INC.,"BANTING, 1500@9.50",,"14,250.00",
,1675,01/30/25,IBEX GLOBAL SOLUTIONS PHILIPPINES INC.,"TSHIRT , 14@280; ROLLUP, 3@450; HANGING TARP, 1@550",,"5,820.00",
,1676,01/31/25,DAVAO DOCTORS HOSPITAL (CLINICA HILARIO) INC.,"CANCERVIVOR TSHIRT, 50@230",222046,"11,500.00",
,1677,01/31/25,FPS TECH PHILIPPINES INC.,"PLAQUE, 11@1100",,"12,100.00",
,1678,,PSA - DAVAO DEL SUR,"PLAQUE OF RECOGNITION, 3@2400",,"7,200.00",
,1679,02/04/25,BSP MROXI,"POSTER SINTRA BOARD, 1@2200",6600001319,"2,200.00",
,1680,02/03/25,UP MINDANAO,"STAINLESS MUG INSULATED, 10@500",2025-01-0015,"5,000.00",
,1681,02/05/25,ABREEZA BEE FODS CORP.,OUTDOOR STICKER,,143.90,
,1682,02/05/25,CK GMALL,OUTDOOR STICKER,104-01-2025-080,654.46,
,1683,,IBEX GLOBAL SOLUTIONS PHILIPPINES INC.,"LESLIE'S CUTOUT WALL, 1 LOT@257196",,"257,196.00",CANCELLED
,1684,,IBEX GLOBAL SOLUTIONS PHILIPPINES INC.,"RED ROOF WALL BRANDING CUTOUT, 1 LOT@87500",36-1002673,"87,500.00",
,1685,,IBEX GLOBAL SOLUTIONS PHILIPPINES INC.,"PRODUCTION LESLIE'S WALL CUTOUT BRANDING, 1 LOT@257196",36-100-2130,"257,196.00",
,1686,,IBEX GLOBAL SOLUTIONS PHILIPPINES INC.,"RED ROOF WALL CUTOUT, 1 LOT@87500",36-100-2473,"87,500.00",
,1687,,PHILHEALTH XI,"PHIL AND HEALLY HUMAN STANDEE, 10@8500; CORPORATE FLAG, 10@10000",,"18,500.00",
,1688,02/07/25,DMSFI,"BANNER COLOR RED - MEDICAL TEAM, 7@400; TSHIRT W/ PRINT, 34@180",,"8,920.00",
,1689,02/11/25,NIA XI,"CUSTOMIZE LAYER W/ EMBROIDERY, 47@800; PLAQUE - GLASS, 9@1000",,"46,600.00",
,1690,01/03/25,DA-PRDP,"PROCUREMENT OF PRDP BRANDING, 405@530",,"214,650.00",CANCELLED
,1691,,DAR XI,"JACKET TOKEN, 25@1345",01-2024-12-212,"33,625.00",
,1692,01/03/25,DA-PRDP,PROCUREMENT OF PRDP BRANDING MATERIALS. 425@530,24-12-070,"225,250.00",
,1693,01/30/25,FPS TECH PHILIPPINES INC.,"SUPPLY & INSTALLATION, FABRICATION OF DOUBLE FACE LIGHTED BUILDUP 1ST HALF, 1 LOT@35000",,"35,000.00",CANCELLED
,1694,02/15/25,DAVAO CENTRAL CHEMICAL CORPORATION,"TARP, 30@72",,"2,160.00",
,1695,02/17/25,SUTHERLAND GLOBAL SERVICES PHILIPPINES INC.,VARIOUS ITEMS,,"2,700.00",
,1696,02/17/25,SUTHERLAND GLOBAL SERVICES PHILIPPINES INC.,VARIOUS ITEMS,,"20,320.00",
,1697,02/17/25,SUTHERLAND GLOBAL SERVICES PHILIPPINES INC.,VARIOUS ITEMS,,"79,800.00",
,1698,02/17/25,SUTHERLAND GLOBAL SERVICES PHILIPPINES INC.,VARIOUS ITEMS,,"70,400.00",
,1699,02/17/25,SUTHERLAND GLOBAL SERVICES PHILIPPINES INC.,VARIOUS ITEMS,,"94,295.00",
,1700,02/17/25,SUTHERLAND GLOBAL SERVICES PHILIPPINES INC.,VARIOUS ITEMS,,"19,560.00",
20,1701,,DMSFI CANCELLED,JACKET,,"1,300.00",
,1702,02/17/25,DMSFI,"TARP, 1@495",,495.00,
,1703, ,IBEX GLOBAL SOLUTIONS PHILIPPINES INC.,"COTTON TSHIRT, 60@250; BOTTON PIN, 50@18; TOTEBAG, 50@180; PULLOUT BANNER, 3@450",,"26,250.00",
,1704,,DAVAO DOCTORS HOSPITAL (CLINICA HILARIO) INC.,"INSULATED MUG, 50@240",222890,"12,000.00",
,1705,02/20/25,USEP,"POLOSHIRT, 33@550; TSHIRT, 15@350",2024-12-1082,"23,400.00",
,1706,02/20/25,JOLISA AGRIBUSINESS CORP/LIZA'S MEAT,"POLOSHIRT, 6@550",3335,"3,300.00",
,1707,02/26/25,DAVAO DOCTORS HOSPITAL (CLINICA HILARIO) INC.,"POLOSHIRT KHAKI, 668@265; POLOSHIRT KHAKI XL, 2XL, 175@290; POLOSHIRT 3XL, 10@3XL",223966,"230,970.00",
,1708,02/26/25,IBEX GLOBAL SOLUTIONS PHILIPPINES INC.,VARIOUS ITEMS,,"121,000.00",
,1709,02/20/25,USEP,"POLOSHIRT, 28@550; TSHIRT, 15@350",2024-12-1082,"20,650.00",
,1710,02/28/25,PSA DAVAO REGION,"POLOSHIRT W/ PRINT WOMENS MONTH, 54@430",SOCD-2025-02-04,"23,320.00",
,1711,03/03/25,PPA,"TSHIRT, 20@250",501-00741-25,"5,000.00",
,1712,02/28/25,USEP,"POLOSHIRT, 5@550",2024-12-1082,"1,750.00",
,1713,03/03/25,PHILHEALTH XI,"PLAQUE FOR DOLE XI, 1@2000",JO-25-02-11,"2,000.00",
,1714,03/03/25,IBEX GLOBAL SOLUTIONS PHILIPPINES INC.,"TARP, 4@450",,"1,800.00",
,1715,03/03/25,FPS TECH PHILIPPINES INC.,"TUMBLER, 14@900; PLAQUE, 4@550",,"14,800.00",
,1716,,BUREAU OF CORRECTION,"TSHIRT FOR CELEBRATION OF WOMANS MONTH 2025, 315@230",,"72,450.00",
,1717,03/05/25,ABREEZA BEE FODS CORP.,"OUTDOOR STICKER, 68@332.80",,332.80,
,1718,03/05/25,GENCORP INDUSTRIES INC,"OUTDOOR STICKER, 435@1327.55",1031-02-2025-182,"1,327.55",
,1719,03/03/25,BSP MRO,"TARPAULIN, 1@1000",6600001345,"1,000.00",
,1720,,NAPOLCOM XI,"POLOSHIRT, 44@600",,"26,400.00",
,1721,03/06/25,PCA XI,"POLOSHIRTS DRYFIT, 141@450",,"63,450.00",
,1722,03/06/25,FPS TECH PHILIPPINES INC.,"TABLE TOPPER BIG, 3@350; TABLE TOPPER SMALL, 3@250",,"1,800.00",
,1723,03/06/25,FPS TECH PHILIPPINES INC.,"TARP FOR ROLLUP, 3@450",,"1,350.00",
,1724,03/07/25,NIA XI,"POLOSHORT, 131@350",,"45,850.00",
,1725,,PCA XI,"ID LAMINATED W/ SLING, 141@280",2025-02-047,"39,480.00",
,1726,03/10/25,DILG XI,"FABRICATION OF GO BAG, 90@550",2025-02-034,"49,500.00",
,1727,,BFP XI,"TSHIRT POLO SUBLIMATION, 52@995; LONG SLEEVE W/ HOOD, 52@1185; JOGGING PANTS, 52@1185; BALL CAP, 52@798; BANER FABRIC, 1@2480",LOG2025-03-032,"218,956.00",
,1728,03/12/25,SUTHERLAND GLOBAL SERVICES PHILIPPINES INC.,VARIOUS ITEMS,,"47,628.00",
,1729,03/12/25,SUTHERLAND GLOBAL SERVICES PHILIPPINES INC.,VARIOUS ITEMS,,"25,290.00",
,1730,03/12/25,GENCORP INDUSTRIES INC,"OUTDOOR STICKER, 20@150",,150.00,
,1731,03/12/25,GENCORP INDUSTRIES INC,OUTDOOR STICKER,,"1,090.00",
,1732,03/12/25,IBEX GLOBAL SOLUTIONS PHILIPPINES INC.,"TSHIRT, 28@250",,"7,000.00",
,1733,02/28/25,FPS TECH PHILIPPINES INC.,"SUPPLY & INSTALLATION, FABRICATION OF DOUBLE FACE LIGHTED BUILDUP 2ND HALF, 1 LOT@35000",,"3,500.00",CANCELLED
,1734,03/13/25,FLATWORLD SOLUTIONS (PHILIPPINES) INC.,"TUMBLER, 3@650",,"1,950.00",
,1735,04/05/25,FPS TECH PHILIPPINES INC.,"JACKET, 1@1000",,"1,000.00",
,1736,03/13/25,IBEX GLOBAL SOLUTIONS PHILIPPINES INC.,"TSHIRT,L 3@250; POSTER SINTRA, 3@150",,"1,330.00",
,1737,03/21/25,DAVAO CENTRAL CHEMICAL CORPORATION,VARIOUS ITEMS,1744,"151,200.00",
,1738,03/21/25,CARAGA OIL REFINING CORP,"POLOSHIRTS, 126@500; PLAIN T SHIRTS W/ PRINT, 155@170; SHIRT, 5@1100",7966,"94,850.00",
,1739,3/21/25,DMSFI,POLO SHIRTS 60@550,,"33,000.00",
,1740,03/13/25,DMSFI,"JACKET, 15@850; JACKET SPECIAL SIZE, 1@1400",,"14,150.00",
,1741,03/14/25,FPS TECH PHILIPPINES INC.,"ROLLUP, 3@450",,"1,350.00",
,1742,03/24/25,DAVAO DOCTORS HOSPITAL (CLINICA HILARIO) INC.,"POLOSHIRT, 15@380",225442,"5,700.00",
,1743,03/24/25,PHILHEALTH XI,"NWMO TARP, 1@792; 2025 NWMC TARP, 4@445.50",25-02-022,"2,574.00",
,1744,,DMSFI,JACKET,,"1,950.00",
,1745,,DILG,"TARP, 1@190; ROLLUP, 1@1500",,"1,690.00",
,1746,03/25,PIA XI,"WOMENS MONTH SHIRTS, 16@350; PIA BANNER, 1@1000",2025-03-00001,"6,600.00",
,1747,03/25/25,FLATWORLD SOLUTIONS (PHILIPPINES) INC.,"KEYCHAIN, 116@75; NOTEBOOK, 21@120; CAP, 15@280",,"15,420.00",
,1748,03/27/25,UNITED SQUARE ALLIACE REALTY CORP.,"BILLBOARD TARP, 1@4200",DT-1040-03-2025-007,"4,200.00",
,1749,,NIA XI,"GLASS DOOR TINT, 1@4500",,"4,500.00",
,1750,03/26/25,DCCC-EMPC,PRINT TSHIRTS GEN ASSEMBLY,,"13,150.00",
21,1751,02/18/25,GENCORP INDUSTRIES INC,OUTDOOR STICKER,JB1034-02-2025-101,"2,408.20",
,1752, ,MAFAR BARMM,POLOSHIRT W/ PRINT,2024-07-3751-A,"45,600.00",
,1753,2/28/25,DMSFI,EMERGENCY SIGNAGE 1@260000,JO 2400281,"260,000.00",
,1754,2/28/25,DMSFI,EMERGENCY DOOR SIGNS 1@285000,JO 2400280,"285,000.00",
,1755,02/28/25,UP MINDANAO,"INSULATED MUG, 10@500",2025-02-0069,"5,000.00",
,1756,02/24/25,IBEX GLOBAL SOLUTIONS PHILIPPINES INC.,TIVO WALL BRANDING,36-1402708,"36,500.00",
,1757,03/11/25,DAVAO DOCTORS HOSPITAL (CLINICA HILARIO) INC.,"POLOSHIRT LIME GREEN, 45@380",,"17,100.00",
,1758,3/11/25,DMSFI,ACRYLIC FRAME 1@8000,JO 2400331,"8,000.00",
,1759,03/10/25,BOC,"SUPPLY & PRINTING OF CUSTOMIZED PREMIUM EMBROIDERED BOC POD BANNER FLAG, 3@7000",2025-03-0016,"21,000.00",
,1760,03/14/25,BOC,VARIOUS ITEMS,2025-03-0018,"102,000.00",
,1761,03/13/25,PSA DAVAO DEL SUR,"TSHIRT SUBLIMATION, 50@450",PSADS-PO-25-03-031,"22,500.00",
,1762,03/19/25,DMSFI,JACKET BOMBER,,"4,100.00",
,1763,03/19/25,BOC,"SUPPLY AND DELIVERY OF CUSTOMIZED PLAQUES FOR TOP 10 IMPORTERS & EXPORTERS, 20@1200",2025-03-0019,,
,1764,03/19/25,IBEX GLOBAL SOLUTIONS PHILIPPINES INC.,"TSHIRTS, 6@250; POLOSHIRTS ROYAL BLUE, 9@450",,"5,550.00",
,1765,03/27/25,USEP,"FULL SUBLIMATION UNIFORM, 1 LOT@147500",2025-030189,"147,500.00",CANCELLED
,1766,,PAGIBIG FUND,"PRINTED UMBRELLA, 30@160",,"4,800.00",
,1767,,DMSFI,JACKET,,650.00,
,1768,03/31/25,DMSFI,"TARPAULIN, 5@360",,"1,800.00",
,1769,03/31/25,IBEX GLOBAL SOLUTIONS PHILIPPINES INC.,"SUPPLY TARP BACKDROP, 1@6250; SUPPLY TARP STAGE, 1@4835",,"11,085.00",
,1770,03/31/25,IBEX GLOBAL SOLUTIONS PHILIPPINES INC.,VARIOUS ITEMS,,,CANCELLED
,1771,03/31/25,IBEX GLOBAL SOLUTIONS PHILIPPINES INC.,VARIOUS ITEMS,,"24,313.00",
,1772,03/31/25,FPS TECH PHILIPPINES INC.,"TARP ROLLUP, 3@450",,"1,350.00",
,1773,04/01/25,FPS TECH PHILIPPINES INC.,"LANYARD, 75@80",,"6,000.00",
,1774,04/01/25,GENCORP INDUSTRIES INC,VARIOUS ITEMS,,308.10,
,1775,04/01/25,UNITED SQUARE ALLIACE REALTY CORP.,"BILLBOARD TARP, 1@4200",,"4,200.00",
,1776,04/02/15,PHILHEALTH XI,"ESSENTIAL KIT, 250@240",,"60,000.00",
,1777,04/01/25,PHILHEALTH XI,"PLAQUE, 1@2000",,"2,000.00",
,1778,04/01/25,IBEX GLOBAL SOLUTIONS PHILIPPINES INC.,VARIOUS ITEMS,,"37,180.00",
,1779,04/11/25,SUTHERLAND GLOBAL SERVICES PHILIPPINES INC.,VARIOUS ITEMS,,"14,270.00",
,1780,04/11/25,SUTHERLAND GLOBAL SERVICES PHILIPPINES INC.,BOMBER JACKET; PHOTO PAPER,,"4,720.00",
,1781,04/11/25,SUTHERLAND GLOBAL SERVICES PHILIPPINES INC.,VARIOUS ITEMS,,"113,559.00",
,1782,04/11/25,SUTHERLAND GLOBAL SERVICES PHILIPPINES INC.,PACK BAG,,"66,700.00",
,1783,03/14/25,IBEX GLOBAL SOLUTIONS PHILIPPINES INC.,"TSHIRT, 17@450; 2@480; DRAWSTRING, 7@180",,"8,950.00",
,1784,05/07/25,DMSFI,"BLUE CLOTH, 20@100; USHERETTE VEST CUSTOMIZED, 6@600",,"5,600.00",
,1785,04/15/25,PSA,"POLOSHIRTS, 50@445",SOCD-2025-04-09,"22,250.00",
,1786,04/15/25,PSA,"TOKEN FOR PARTICIPANTS DURING CONDUCT OF PRESS CONFERENCE, CUSTOMIZED MUG W/ PRINT, 100@150",,"15,000.00",
,1787,04/15/25,COMMISSION ON POPULATION AND DEVELOPMENT,"CERTIFICATE HOLDER, 150@230",2025-03-0036,"34,500.00",
,1788,04/10/25,IBEX GLOBAL SOLUTIONS PHILIPPINES INC.,VARIOUS ITEMS,,"59,702.00",CANCELLED
,1789,04/10/25,IBEX GLOBAL SOLUTIONS PHILIPPINES INC.,VARIOUS ITEMS,,"97,380.00",
,1790,04/22/25,GENCORP INDUSTRIES INC,OUTDOOR STICKERS,,"1,660.00",
,1791,04/10/25,IBEX GLOBAL SOLUTIONS PHILIPPINES INC.,VARIOUS ITEMS,,"58,702.00",CANCELLED
,1792,04/24/25,LAPANDAY FOODS CORPORATION,"CALLING CARD, 1 BOX@450",,450.00,
,1793,04/24/25,DAVAO DOCTORS HOSPITAL (CLINICA HILARIO) INC.,"POLOSHIRTS MOOS GREEN, 22@400",228-140,"8,800.00",
,1794,04/24/25,DAVAO DOCTORS HOSPITAL (CLINICA HILARIO) INC.,"DRIFIT TSHIRTS, 40@230",228-136,"9,200.00",
,1795,04/25/25,DAVAO DOCTORS HOSPITAL (CLINICA HILARIO) INC.,"INSULATED MUG W/ PRINT, 60@240",228-127,"14,400.00",
,1796,04/25/25,DAVAO DOCTORS HOSPITAL (CLINICA HILARIO) INC.,"INSULATED MUG W/ PRINT, 40@245",228-135,"9,800.00",
,1797,04/29/25,PHILHEALTH XI,VARIOUS ITEMS,,"887,100.00",
,1798,04/29/25,PHILHEALTH XI,"MARKETING SHIRTS, 300@450; BAMBOO FLASK, 300@330; TOTE BAG, 500@285",,"394,500.00",
,1799,04/29/25,FPS TECH PHILIPPINES INC.,"JACKET BOMBER, 9@1000; PLAQUE ACRYLIC, 14@550",,"16,700.00",
,1800,04/10/25,IBEX GLOBAL SOLUTIONS PHILIPPINES INC.,VARIOUS ITEMS,,,CANCELLED
22,1801,04/02/25,JOLISA AGRIBUSINESS CORP,"MUGS W/ PRINT, 30@70",,"2,100.00",
,1802,04/29/25,DAVAO DOCTORS HOSPITAL (CLINICA HILARIO) INC.,"EMBROIDERY FOR GOWN, 15@150","226,883","2,250.00",
,1803,04/01/25,PHILIPPINE PORTS AUTHORITY,"POLOSHIRTS W/ PPA LOGO, 185@400",,"74,000.00",
,1804,04/21/25,PCA XI,"POLOSHIRTS, 28@450; LONGSLEEVE, 30@320; BUSH HAT, 37@350",,"32,900.00",
,1805,04/24/25,DMSFI,"ACRYLIC FRAME W/ POCKETS, 1 LOT@49107.14",J25-0012,"49,107.14",CANCELLED
,1806,04/24/25,DMSFI,"ACRYLIC SIGNAG, 2 LOTS@3500",2400373,"7,000.00",
,1807,4/24/25,DMSFI,1@ACRYLIC FRAME W/ POCKET 1@50000,JO 25-0012,"50,000.00",
,1808,,DAVAO DOCTORS HOSPITAL (CLINICA HILARIO) INC.,,,,CANCELLED
,1809,04/28/25,UNION GALVASTEEL CORPORATION,"POLOSHIRTS, 18@460",,"8,280.00",
,1810,04/29/25,DAVAO CENTRAL CHEMICAL CORPORATION,"POLOSHIRTS, RED 43@300; WHITE 21@300",2002226,"19,200.00",
,1811,04/30/25,DAVAO DOCTORS HOSPITAL (CLINICA HILARIO) INC.,"SUBLIMATION PILLOWCASE PRINT, 2000@32; SUBLIMATION PILLOW CASE, 2000@25",221759,"114,000.00",
,1812,04/30/25,IBEX GLOBAL SOLUTIONS PHILIPPINES INC.,"PUB TARP PULLUP, 5@450",,,
,1813,,IBEX GLOBAL SOLUTIONS PHILIPPINES INC.,VARIOUS ITEMS,,"47,493.00",
,1814,05/07/25,PSA XI,"POLOSHIRT, 33@480; WEIGHING SCALE, 31@280",,"24,520.00",
,1815,04/30/25,IBEX GLOBAL SOLUTIONS PHILIPPINES INC.,VARIOUS ITEMS,,"32,208.00",
,1816,04/30/25,IBEX GLOBAL SOLUTIONS PHILIPPINES INC.,VARIOUS ITEMS,,"35,580.00",
,1817,04/30/25,IBEX GLOBAL SOLUTIONS PHILIPPINES INC.,VARIOUS ITEMS,,"7,852.00",
,1818,04/30/25,IBEX GLOBAL SOLUTIONS PHILIPPINES INC.,"TSHIRT PRINT, 6@250; POLOSHIRTS, 9@500",,"6,000.00",
,1819,04/30/25,IBEX GLOBAL SOLUTIONS PHILIPPINES INC.,VARIOUS TARPAULINS,,"8,435.00",
,1820,05/03/25,FPS TECH PHILIPPINES INC.,"POLOSHIRTS, 55@500; PLAQUE, 15@550",,"35,750.00",
,1821,04/30/25,IBEX GLOBAL SOLUTIONS PHILIPPINES INC.,VARIOUS ITEMS,,"20,850.00",
,1822,,USEP,"CUSTOMIZED TOTEBAG, 100@240",,"24,000.00",
,1823,05/06/25,DAVAO CONCRETE POLES CORPORATION,"POLOSHIRTS W/ POCKET, 20@545; POLOSHIRTS W/O POCKET, 20@525",,"26,305.00",
,1824,5/6/25,DMSFI,TARP 9FT X 13FT 1@2106; CLOTH BANNER 2@1800,,"5,706.00",
,1825,05/07/25,FPS TECH PHILIPPINES INC.,"TARP ROLLUP, 3@450",,"1,350.00",
,1826,05/07/25,IBEX GLOBAL SOLUTIONS PHILIPPINES INC.,"RAGLAN SHIRTS, 25@450; PUB TARP, 1@450",,"1,700.00",
,1827,05/08/25,FLATWORLD SOLUTIONS (PHILIPPINES) INC.,VARIOUS ITEMS,,"13,426.00",
,1828,05/08/25,DAVAO DOCTORS HOSPITAL (CLINICA HILARIO) INC.,"INSULATED MUG W/ PRINT, 45@240",228141,"10,800.00",
,1829,05/25,DAVAO DOCTORS HOSPITAL (CLINICA HILARIO) INC.,"JACKET, 32@850",,"27,200.00",
,1830,05/09/25,ATENEO DE DAVAO UNIVERSITY,"TSHIRT COTTON XS-XL, 74@260; TSHIRT COTTON 2XL, 1@270",,"19,510.00",
,1831,05/08/25,IBEX GLOBAL SOLUTIONS PHILIPPINES INC.,"COMSET, 10",,"11,000.00",CANCELLED
,1832,05/08/25,IBEX GLOBAL SOLUTIONS PHILIPPINES INC.,"COMSET, 10@11000",,"11,000.00",
,1833,05/08/25,IBEX GLOBAL SOLUTIONS PHILIPPINES INC.,"REHAB, CLEANING OF LIGHTED IBEX SIGNAGE, 1 LOT@15000",,"15,000.00",
,1834,05/12/25,IBEX GLOBAL SOLUTIONS PHILIPPINES INC.,VARIOUS ITEMS,,"20,000.00",
,1835,05/12/25,IBEX GLOBAL SOLUTIONS PHILIPPINES INC.,"PUB TARP, 4@450",,"1,800.00",
,1836,5/13/25,DMSFI,"LIGHTED ACRYLIC BUILDUP LOGO W/ TEXT ""ACCREDITATION AND QUALITY ASSURANCE OFFICE (AQA) 1@55000",JO 2400390,"55,000.00",
,1837,04/01/25,PPA XI PMO DAVAO,"WHITE TSHIRT W/ PPA LOGO, 150@250",,"37,500.00",
,1838,05/14/25, GCHOW MALL FOODS CORP,OUTDOOR STICKER,CK-1045-05-2025-150,107.14,
,1839,05/14/25,JB BOLTON,OUTDOOR STICKER,JB-1027-05-2025-142,132.40,
,1840,05/13/25,DILG DAVAO CITY,VARIOUS TSHIRTS,2025-05-18,"11,000.00",
,1841,,FILIPINAS PALM OIL PLANTATION INC,"CUSTOMIZED POLOSHIRTS, 112@510",24309,"57,120.00",
,1842,,PHILHEALTH XI,"CUSTOMIZED PLAQUE, 7@2000",,"14,000.00",
,1843,,PSA XI,"UMBRELLA, 41@140; TSHIRT, 60@300",SOCD-2025-04-16,"23,740.00",
,1844,05/07/25,PPA,"UMBRELLA LONG W/ PPA LOGO, 34@250; UMBRELLA 2 FOLDS W/ PPA LOGO, 26@250",M501-007707-25,"15,000.00",
,1845,05/19/25,SUTHERLAND GLOBAL SERVICES PHILIPPINES INC.,VARIOUS ITEMS,,"193,670.00",
,1846,05/25,PSA XI,"TSHIRTS, 58@300",,"17,400.00",
,1847,05/19/25,SUTHERLAND GLOBAL SERVICES PHILIPPINES INC.,VARIOUS ITEMS,,"36,634.00",
,1848,05/19/25,SUTHERLAND GLOBAL SERVICES PHILIPPINES INC.,POLOSHIRT; MUG,,"4,900.00",
,1849,05/19/25,IBEX GLOBAL SOLUTIONS PHILIPPINES INC.,"PULLUP TARP, 6@450",,"2,700.00",
,1850,05/20/25,IBEX GLOBAL SOLUTIONS PHILIPPINES INC.,"PUB TARP, 6@450",,"2,700.00",
23,1851,03/21/25,DA PRDP RPCO XI,"LONGSLEEVE SHIRTS W/ REFLECTOR, 62@500; PACKABLE OUTDOOR HAT, 62@300; CUSTOMIZED TOTEBAG, 62@180",2025-008-003,"60,760.00",
,1852,05/20/25,SUTHERLAND GLOBAL SERVICES PHILIPPINES INC.,UNIFORM; FOLDABLE FAN,,"45,410.00",
,1853,05/20/25,SUTHERLAND GLOBAL SERVICES PHILIPPINES INC.,PLAQUE/MEDALS,,"15,640.00",
,1854,05/21/25,OFFICE PARTNERS 360,"POLOSHIRTS, 30@550",4781,"16,500.00",CANCELLED
,1855,05/21/25,OFFICE PARTNERS 360,"POLOSHIRT, 30@550",4781,"16,500.00",
,1856,05/21/25,DMSFI,"TARP, 2@450",,900.00,
,1857,,DMSFI CANCELLED,JACKET,,"1,300.00",
,1858,05/26/25,PCA XI,"POLOSHIRTS W/ EMBROID, 32@450; LONGSLEEVE W/ PRINT, 30@320; BUSH HAT, 40@350",2025-05-0026,"38,000.00",
,1859,,UP MINDANAO,"HRDO ON BOARDING, 50@230",2025-04-0288,"11,500.00",
,1860,05/29/25,FPS TECH PHILIPPINES INC.,"JACKET ELITE, 2@1000; POLOSHIRTS, 19@500; PLAQUE SMALL, 13@550; TSHIRTS, 275@820",,"87,990.00",
,1861,05/30/25,ZUMMIT FOODS CORPORATION,"POLOSHIRTS, 16@370",20-00782,"5,920.00",
,1862,05/30/25,ZUMMIT FOODS CORPORATION,"POLOSHIRTS, 6@370",20-00781,"2,220.00",
,1863,05/30/25,ZUMMIT FOODS CORPORATION,"POLOSHIRTS, 14@5180",20-00779,"5,180.00",
,1864,,ZUMMIT FOODS CORPORATION,"POLOSHIRTS, 17@370",20-00778,"6,290.00",
,1865,,DILG DAVAO REGION,"PRINITING ID, 205@150",2025-04-071,"30,750.00",
,1866,05/30/25,MINES AND GEOSCIENCES BUREAU XI,"POLOSHIRTS, 78@550",2025-05-036,"42,900.00",
,1867,,PPA SOCSARGEN,"NOTEBOOK BAMBOO CUSTOMIZED, 50@110",,"5,500.00",
,1868,05/29/25,PHILHEALTH XI,VARIOUS ITEMS,25-05-044,"18,823.02",
,1869,06/03/25,GENCORP INDUSTRIES INC,"OTDOOR STICKER, 244@80",JB1034-05-2025-147,"19,520.00",
,1870,06/03/25,OFFICE PARTNERS 360,"POLOSHIRT EMBROIDERED, 16@600; POLOSHIRTS 2XL, 4@650; TSHIRTS FULL COLORED, 100@380",4804,"50,200.00",
,1871,06/04/25,DAVAO CENTRAL CHEMICAL CORPORATION,"KRAFT PRINT, 4000@7",,"28,000.00",
,1872,06/13/25,DMSFI,"EMERGENCY SIGNAGE, 1 LOT@",2400281,"26,000.00",
,1873,6/13/25,DMSFI,ACRYLIC SIGNAGE RETENTION JO 2400280; REFER CSI 001754,,"28,550.00",
,1874,06/05/25,BSP - MRO,"SUPPLY AND DELIVERY VINYL FILM FROST, 3@3900",,"11,700.00",
,1875,06/09/25,SUTHERLAND GLOBAL SERVICES PHILIPPINES INC.,VARIOUS ITEMS,,"88,630.00",
,1876,06/09,SUTHERLAND GLOBAL SERVICES PHILIPPINES INC.,VARIOUS ITEMS,,"28,900.00",
,1877,06/05/25,DAVAO DOCTORS HOSPITAL (CLINICA HILARIO) INC.,"ECO BAG, 200@10",,"2,000.00",
,1878,06/09/25,COMMISSION ON POPULATION AND DEVELOPMENT,"CPD ID LANYARD, 10@180",2025-05-0057,"1,800.00",
,1879,,BFP XI,"TSHIRTS, 150@598; TARP, 2@660",LOG-2025-05-078,"91,020.00",
,1880,,BFP XI,"UNIFORM, 74@945",LOG-2025-06-080,"69,930.00",
,1881,06/10/25,ZUMMIT FOODS CORPORATION,"POLOSHIRTS, 15@370",20-00686,"5,550.00",
,1882,06/10/2025,ZUMMIT FOODS CORPORATION,"POLOSHIRTS, 14@370",20-00687,"5,180.00",
,1883,06/10/25,ZUMMIT FOODS CORPORATION,"POLOSHIRTS, 14@370",20-00735,"5,180.00",
,1884,06/10/25,IBEX GLOBAL SOLUTIONS PHILIPPINES INC.,"TOGA, 24@1200",,"28,800.00",
,1885,06/10/25,IBEX GLOBAL SOLUTIONS PHILIPPINES INC.,"TOGA W/ LOGO, 24@1200",,"28,800.00",
,1886,06/10/25,IBEX GLOBAL SOLUTIONS PHILIPPINES INC.,"COMSET, 1 SET",,"15,000.00",
,1887,06/11/25,MGB XI,"SHORTS SLEEVELESS TOP, 7@675; SHORTS TSHIRT TOP, 28@675",,"23,625.00",
,1888,05/23/25,DA PRDP,"POLOSHIRTS GREEN, 124@480",,"59,520.00",
,1889,06/11/25,DMSFI,"EMBROIDERY, 35@80",,"2,800.00",CANCELLED
,1890,06/13/25,DAVAO DOCTORS HOSPITAL (CLINICA HILARIO) INC.,"TARPAULIN BANNER, 2@180; TARPAULIN, 3@120",,720.00,
,1891,06/13/25,DAVAO DOCTORS HOSPITAL (CLINICA HILARIO) INC.,"TARPAULIN, 1@450",2024-40783,450.00,
,1892,06/16/25,FLATWORLD SOLUTIONS (PHILIPPINES) INC.,VARIOUS ITEMS,,"11,882.50",
,1893,,DAVAO DOCTORS HOSPITAL (CLINICA HILARIO) INC.,"POLOSHIRT BATIS, 48@450",,"21,600.00",
,1894,06/18/25,DAVAO DOCTORS HOSPITAL (CLINICA HILARIO) INC.,"BAR PIN, 200@15",,,
,1895,,UP MINDANAO,"POLOSHIRTS, 10@1250; JACKET BLACK, 10@650",,"19,000.00",
,1896,06/20/25,DA PRDP,"STORAGE BAG, 150@190",,"28,500.00",
,1897,,DMSFI,TARP. 4@150,,600.00,
,1898,06/25/25,USEP,VARIOUS ITEMS,2025-05-0539,"338,070.00",
,1899,06/25/25,USEP,"RIBBON, 3000@29",,"87,000.00",
,1900,06/26/25,PSA,"UMBERELLA TOKEN, 207@150",SOCD-2025-06-07,"31,050.00",
24,1901,06/16/25,PCA XI,"POLOSHIRT, 45@450; BURI HAT, 20@20",2025-06-0101,"22,150.00",
,1902,06/25/25,MDRRMO,"SUBLIMATED TSHIRT, 297@350",,"103,950.00",
,1903,06/24/25,IBEX GLOBAL SOLUTIONS PHILIPPINES INC.,"VIP 2025 STICKER OR SINTRA, 7@1500",,"1,500.00",
,1904,06/24/25,IBEX GLOBAL SOLUTIONS PHILIPPINES INC.,"POLOSHIRTS, 15@550; POLOSHIRT, 1@580",,"8,830.00",
,1905,06/24/25,MARINA XI,"ID, 37@170; LANYARD ID, 70@70",,"10,490.00",
,1906,06/24/25,DAVAO CENTRAL CHEMICAL CORPORATION,"TARPAULIN PRINTING, 40@72; TARPAULIN SAFETY, 5@720",,"6,480.00",
,1907,06/24/25,IBEX GLOBAL SOLUTIONS PHILIPPINES INC.,VARIOUS ITEMS,,"38,500.00",
,1908,06/25/25,IBEX GLOBAL SOLUTIONS PHILIPPINES INC.,"SINTRA BOARD, 1@1500",,"1,500.00",CANCELLED
,1909,06/25/25,IBEX GLOBAL SOLUTIONS PHILIPPINES INC.,"SINTRA BOARD W/ LAMINATED PRINTED VIP, 1@1500",,"1,500.00",
,1910,06/26/25,DAVAO DOCTORS HOSPITAL (CLINICA HILARIO) INC.,VARIOUS ITEMS,,,CANCELLED
,1911,06/26/25,DAVAO DOCTORS HOSPITAL (CLINICA HILARIO) INC.,VARIOUS ITEMS,,"266,555.00",
,1912,06/26/25,DAVAO DOCTORS HOSPITAL (CLINICA HILARIO) INC.,"POLOSHIRTS, 23@475",,"10,665.00",
,1913,06/26/25,IBEX GLOBAL SOLUTIONS PHILIPPINES INC.,"TSHIRTS, 40@400",,"16,000.00",
,1914,06/26/25,IBEX GLOBAL SOLUTIONS PHILIPPINES INC.,"BANNER, 1@1000",,"1,000.00",
,1915,06/26/25,IBEX GLOBAL SOLUTIONS PHILIPPINES INC.,"REHABILITATION OF BUSTED LED, 1 LOT@30000",,"30,000.00",
,1916,06/30/25,NIA-DDO-IMO,"PLAQUE LOYALTY, 10@1500",,"15,000.00",
,1917,06/30/25,NIA-DDO-IMO,"TREE PLANTING SHIRTS, 105@240",,"25,200.00",
,1918,06/30/25,NIA-DDO-IMO,"POLOSHIRTS REHABILITATION, 105@650",,"68,250.00",
,1919,06/27/25,DA-PRDP,"POLOSHIRT, 106@620",3684,"65,720.00",
,1920,06/27/25,ATENEO DE DAVAO UNIVERSITY,TSHIRTS COLORED,,"29,680.00",
,1921,07/01/25,FLATWORLD SOLUTIONS (PHILIPPINES) INC.,"KEYCHAIN, 20@75; NOTEBOOK, 27@120; CAP 16@280",,"14,180.60",
,1922,07/01/25,ZUMMIT FOODS CORPORATION,"POLOSHIRTS, 4@370",,"1,480.00",
,1923,,PAG-IBIG FUND,"TARP BANNER, 2@576",25-06-616,"1,152.00",
,1924,07/03/25,DAVAO DOCTORS HOSPITAL (CLINICA HILARIO) INC.,"TSHIRTS, 26@230","232,462","5,980.00",
,1925,07/03/25,DAVAO DOCTORS HOSPITAL (CLINICA HILARIO) INC.,"POLOSHIRTS, 16@450",,"7,200.00",
,1926,07/03/25,IBEX GLOBAL SOLUTIONS PHILIPPINES INC.,"TSHIRTS W/ PRINT, 35@250",,"8,750.00",
,1927,07/04/25,PSA XI,"UMBRELLA, 46@300",SOCD-2025-06-06,"13,800.00",
,1928,07/04/25,PSA XI,"POLOSHIRTS, 31@450; POLOSHIRTS W/ EMBROIDERY, 62@500",SOCD-2025-06-05,"44,950.00",
,1929,,PAG-IBIG FUND,"TARPAULIN, BANNER TYPE, 6@528",25-05-536-2025,"3,168.00",
,1930,,NIA,"PLAQUE LOYALTY AWARD, 6@1500",MISC-2025-06-328,"9,000.00",
,1931,,PSA DAVAO REGION,"POLOSHIRT, 22@50",SOCD-2025-06-13,"1,100.00",
,1932,,MGB XI,"ENVIRONMENT MONTH, 4@550",2025-06-042,"2,000.00",
,1933,07/08/25,PSA DAVAO REGION,"POLOSHIRTS, 280@475",SOCD-2025-06-04,"138,600.00",
,1934,07/09/25,ATENEO DE DAVAO UNIVERSITY,"TSHIRT W/ PRINT, 40@260",30565,"10,400.00",
,1935,,NIA REGION XI,"TSHIRT W/ PRINT, 130@250",SO-2025-06-109,"32,500.00",
,1936,07/11/25,DAVAO DOCTORS HOSPITAL (CLINICA HILARIO) INC.,"INSULATED MUG W/ PRINT, 20@240","230,727","4,800.00",
,1937,07/11/25,DMSFI,"TARP PINNING, 1@2772; TARP BACCALAUREATE, 1@1728",,"4,500.00",
,1938,07/14/25,SUTHERLAND GLOBAL SERVICES PHILIPPINES INC.,VARIOUS ITEMS,,"11,200.00",
,1939,07/14/25,SUTHERLAND GLOBAL SERVICES PHILIPPINES INC.,VARIOUS ITEMS,,"69,182.00",
,1940,07/14/25,SUTHERLAND GLOBAL SERVICES PHILIPPINES INC.,VARIOUS ITEMS,,"18,400.00",
,1941,07/14/25,DAVAO DOCTORS HOSPITAL (CLINICA HILARIO) INC.,,,,CANCELLED
,1942,07/14/25,DAVAO DOCTORS HOSPITAL (CLINICA HILARIO) INC.,"LINEN BEDSHEETS, 2000@32; LINEN PILLOWCASE, 2000@25, LINEN, 1000@32",,"146,000.00",
,1943,07/14/25,GCHOW GMALL FOODS CORP,OUTDOOR STICKER,,664.40,
,1944,07/15/25,DAVAO CENTRAL CHEMICAL CORPORATION,"SACKS PRINTING, 500@8",2601,"4,000.00",
,1945,,NIA XI DAVAO REGION,VARIOUS ITEMS,,"170,950.00",
,1946,07/16/25,PSA DAVAO REGION,"CUSTOMIZED ID LANYARD, 30@100",SOCD-2025-07-04,"3,000.00",
,1947,07/16/25,FPS TECH PHILIPPINES INC.,"POLOSHIRT, 16@550; POLOSHIRT, 1@650",,"9,450.00",
,1948,,NIA DAVAO,"SUPPLY AND MATERIALS, 2@9500",2025-06-104,"19,000.00",
,1949,08/20/25,PHILHEALTH XI,VARIOUS ITEMS,,"1,818,600.00",
,1950,,NIA DIGOS,"PLAQUE, 5@1500",,"75,000.00",
25,1951,07/07/25,GENCORP INDUSTRIES INC,"OUTDOOR STICKER, 3@357.14",,"1,071.43",
,1952,07/15/25,PCA XI,"POLOSHIRTS COMBI LOGO EMBROIDERY, 65@600",,"39,000.00",
,1953,07/15/25,PCA XI,"POLOSHIRTS COMBI LOGO EMBROIDERY, 2@600",,"1,200.00",
,1954,07/15/25,PCA XI,"POLOSHIRTS W/ EMBROIDERED (MOSS GREEN), 72@450",,"32,400.00",
,1955,07/15/25,DAVAO CENTRAL CHEMICAL CORPORATION,"SACKS PRINTING, 500@8",,"4,000.00",
,1956,07/16/25,GENCORP INDUSTRIES INC,"STICKER, 6@9.87",,59.20,
,1957,07/16/25,GENCORP INDUSTRIES INC,OUTDOOR STICKERS,,65.20,
,1958,07/18/25,DMSFI,"BUILDUP DMSFI LOGO, 1 LOT@80000; DMSFI LOGO ALUMINUM CLADDING BASE, 1 LOT@80000",2500006,"160,000.00",
,1959,06/28/25,IBEX GLOBAL SOLUTIONS PHILIPPINES INC.,VARIOUS ITEMS,,"27,750.00",
,1960,,NIA XI,VARIOUS ITEMS,MISC-2025-07-123,"32,550.00",
,1961,07/24/25,DILG DAVAO REGION,"TARP BANNER, 1@1400; ROLLUP BANNER, 6@2000",2025-07-149,"13,400.00",
,1962,07/24/25,DMSFI,"TARP FRESHMEN, 1@1728",,"1,728.00",
,1963,07/25/25,PSA DAVAO REGION,"POLOSHIRT FOR JULY 2025, 725@415",SOCD-2025-05-04,"300,875.00",
,1964,07/25/25,PSA XI,"POLOSHIRTS FOR JULY, 25@415",SOCD-2025-05-04A,"10,375.00",
,1965,07/25/25,IBEX GLOBAL SOLUTIONS PHILIPPINES INC.,"APRON, 10@330",,"3,300.00",
,1966,,NIA LUPON,"PLAQUE, 5@1500",2025-06-058,"7,500.00",
,1967,07/29/25,DMSFI,"TARP, 1@2772; TARP, TARP BLUE COAT, 1@1728",,"4,500.00",
,1968,07/29/25,DILG XI,"POLOSHIRTS, 60@500",2025-07150,"30,000.00",
,1969,07/31/25,FILIPINAS PALM OIL PLANTATION INC,"CUSTOMIZED POLOSHIRT, 20@510",,"10,200.00",
,1970,07/30/25,DA PRDP,"POLOSHIRT W/ EMBROIDERY, 318@500",,"384,240.00",CANCELLED
,1971,07/30/25,DA PRDP,"POLOSHIRT W/ EMBROIDERY, 318@500",,"159,000.00",CANCELLED
,1972,07/30/25,DA PRDP,"POLOSHIRT W/ EMBROIDERED 386@500; POLOSHIRT W/ EMBROIDERED, 52@620; POLOSHIRT W/ EMBROIDERED, 318@500",,"384,241.00",
,1973,,MGB XI,"SHORTS & TOP BASKETBALL/VOLLEYBALL, 4@675",,"2,700.00",
,1974,08/01/25,IBEX GLOBAL SOLUTIONS PHILIPPINES INC.,"TARP FOR ROLLUP, 6@450",,"2,700.00",
,1975,08/04/25,OFFICE PARTNERS 360,"HSI POLOSHIRT, 12@550, BANNER W/ TASSEL, 1@600; STANDEE W/ MECHANISM TEAM LOGO, 1@1400",5115,"8,600.00",
,1976,07/16/25,PSA DAVAO REGION,"CUSTOMIZED ID LANYARD, 30@95",SOCD-2025-07-04,"2,850.00",
,1977,,PSA XI,VARIOUS ITEMS,SOCD-2025-07-03,"131,599.00",
,1978,08/08/25,USEP,"MINI FAN, 60@740",2025-08-0908,"44,400.00",
,1979,,DILG XI,"BACKDROP, 2@1400; TARP, 4@730; ROLLUP TARP, 6@2100",2025-08-191,"18,320.00",
,1980,08/05/25,IBEX GLOBAL SOLUTIONS PHILIPPINES INC.,"WELCOME TARP ROLLUP, 3@450",,"1,350.00",
,1981,08/11/25,OFFICE PARTNERS 360,"STANLEY TYPE TUMBLER, 10@900",5075,900.00,
,1982,08/12/25,IBEX GLOBAL SOLUTIONS PHILIPPINES INC.,"TSHIRTS HEALTHIEST LOSER, 43@400",,"17,200.00",
,1983,08/13/25,DAVAO DOCTORS HOSPITAL (CLINICA HILARIO) INC.,"INSULATION MUG, 20@240",235-395,"4,800.00",
,1984,08/13/25,SUTHERLAND GLOBAL SERVICES PHILIPPINES INC.,VARIOUS ITEMS,,"60,609.00",
,1985,08/13/25,SUTHERLAND GLOBAL SERVICES PHILIPPINES INC.,VARIOUS ITEMS,,"52,650.00",
,1986,08/09/25,IBEX GLOBAL SOLUTIONS PHILIPPINES INC.,"BANNER. 1@1800; POLOSHIRTS, 21@1300",,"35,600.00",
,1987,08/14/25,IBEX GLOBAL SOLUTIONS PHILIPPINES INC.,"STICKER, 150@3; TARP, 2@270",,970.00,
,1988,08/01/25,NIA DAVAO ORIENTAL,"POLOSHIRTS SUBLIMATION, 50@600",,"30,000.00",
,1989,08/01/25,NIA DAVAO ORIENTAL,"POLOSHIRTS EMBROIDERY, 51@650",,"33,150.00",
,1990,08/15/25,IBEX GLOBAL SOLUTIONS PHILIPPINES INC.,"PULLOUT TARP, 3@450",,"1,350.00",
,1991,08/18/25,EMB XI,"WELCOME LEI, 50@235",ESWM2025-07-177,"11,750.00",
,1992,08/18/25,DAVAO DOCTORS HOSPITAL (CLINICA HILARIO) INC.,"INSULATION MUG, 60@240",235629,"14,400.00",
,1993,08/18/25,DMSFI,"BANNER, 2 SETS@2500; TARP WELCOME STUDENT, 1@420; TARP FOUNDATION DAY, 7@420",,"8,360.00",
,1994,08/27/25,DMSFI,"ACRYLIC IVAME, 6@6000; PICTURE IVAME, 1@5000",,"41,000.00",
,1995,07/30/25,BFP XI,"CARGO PANTS, 12@2500; SUBLI POLOSHIRT, 12@750; RUBBER SHOES, 12@1500",2025-07-096,"57,000.00",
,1996,08/20/25,USEP,"CUSTOMIZED TOKEN, 6@950",2025-06-0758,"5,700.00",
,1997,08/21/25,IBEX GLOBAL SOLUTIONS PHILIPPINES INC.,"TUMBLER, 8@250",,"2,000.00",
,1998,08/21/25,IBEX GLOBAL SOLUTIONS PHILIPPINES INC.,"SUPPLY OF SIGNAGE, 24@200",,"4,800.00",