PAD NO.,CI NO.,DATE,COMPANY,DETAILS,PO NUMBER,AMOUNT,STATUS/REMARKS,,,,,,,,,,,,,,
1,1,8/19/25,PCA XI,"PLAQUE, 7@1500; PLAQUE 1@1500",,"12,000.00",,,,,,,,,,,,,,,
,2,,CANCELLED,,,,,,,,,,,,,,,,,,
,3,8/23/25,DMSFI,JACKET HOODY 3@650,,"1,950.00",,,,,,,,,,,,,,,
,4,,GCHOW MALL FOODS CORP.,"OUTDOOR STICKER 8 1/2 X 14IN, 20@35.71",,714.20,,,,,,,,,,,,,,,
,5,,MINDANAO INCLUSIVE AGRICULTURE DEVELOPMENT PROJECT,CARVED WOOD EAGLE TROPHY 3@2100; CAEVE WOOD PLAQUE W/ EAGLE DESIGNS 12@3000; STAINLESS STEEL MUG W/ COVER IN WOODEN EAGLE DESIGN 135@400; WELCOME LEI 50@300; CANVASS TOTE BAG W/ MIADP LOGO 170@495; 170@495,,"241,350.00",,,,,,,,,,,,,,,
,6,8/26/25,PAG-IBIG FUND,TARPAULIN 8X12FT,25-08-760 SM25197,"1,152.00",,,,,,,,,,,,,,,
,7,8/7/25,PSA DAVAO DEL SUR,PULL UP BANNER W/ SPIDER BANNER STAND 15@500; POSTER TARPAULIN TYPE 4@70,,"7,780.00",,,,,,,,,,,,,,,
,8,8/28/25,IBEX GLOBAL SOLUTIONS (PHILIPPINES) INC.,DTV WALL BRANDING PROD 5 - DAVAO 2,36-003976,"130,868.00",,,,,,,,,,,,,,,
,9,8/25,DILG XI,ICS PLANNING 4X6FT 1@350; ORGANIZATION 4X6FT 1@350; OTHER TARP,2025-08-192,"4,900.00",,,,,,,,,,,,,,,
,10,08/29/25,IBEX GLOBAL SOLUTIONS (PHILIPPINES) INC.,TSHIRT TIVO 31@350; PRINTED MUGS 21@150; AQUAFLASK 6@900; BASKETBALL CAP 15@280; UMBRELLA 6@300; UNIQLO POLO TIVO STAR 8@1300,,"35,800.00",,,,,,,,,,,,,,,
,11,09/01/25,DMSFI,JACKET WITH EMBROIDERED LOGO 1@1200,,"1,200.00",,,,,,,,,,,,,,,
,12,09/02/25,LAPANDAY FOODS CORPORATION,CALLING CARD 1BOX@450,250000250,450.00,,,,,,,,,,,,,,,
,13,09/02/25,LAPANDAY FOODS CORPORATION,CALLING CARD 2@450,250000294,900.00,,,,,,,,,,,,,,,
,14,09/02/25,ZUMMIT FOODS CORP,POLO SHIRT 8@370,ZO-01536,"2,760.00",,,,,,,,,,,,,,,
,15,,ZUMMIT FOODS CORP,POLO SHIRT 15@370,ZO-01535,"5,550.00",,,,,,,,,,,,,,,
,16,,CANCELLED,,,,,,,,,,,,,,,,,,
,17,,ZUMMIT FOODS CORP,POLO SHIRT 13@370,ZO-01534,"4,810.00",,,,,,,,,,,,,,,
,18,,DA PRDP,TUMBER W/ PRINT 500ML 60@250; TOTE BAG CANVASS W/ PRINT 60@225,2025-08-054,"28,500.00",W/ WHITE COPY,,,,,,,,,,,,,,
,19,09/04/25,PAG-IBIG FUND,PULLUP BANNER W/ TARP STANDEE 1@1150; TARPAULIN BANNER 1@255,25-08-765,"1,405.00",,,,,,,,,,,,,,,
,20,09/05/25,GENCORP INDUSTRIES INC.,2IN X 8M OUTDOOR STICKER 4@11,JB1034-06-2025-201,44.00,,,,,,,,,,,,,,,
,21,09/05/25,GENCORP INDUSTRIES INC.,OUTDOOR STICKER 2IN X 8IN 4@11,JB1027-08-2025-200,44.00,,,,,,,,,,,,,,,
,22,9/5/25,CK GMALL / GCHOW MALL FOODS CORP,8IN X 25IN OUTDOOR STICKER 60@9.82,CK-1045-07-2025-237,589.29,,,,,,,,,,,,,,,
,23,09/05/25,GENCORP INDUSTRIES INC.,8IN X 2.5IN OUTDOOR STICKER 25@9.82; 3IN X 1IN 7@2.23,JP 1029-08-2025-270,261.16,,,,,,,,,,,,,,,
,24,09/05/25,METRO CITY CHOW FOODS CORP,27IN X 38IN POSTER PHOTOPAPER 2@400,CK1051-02-2025-207,800.00,,,,,,,,,,,,,,,
,25,09/05/25,GENCORP INDUSTRIES INC.,SUPPLY AND INSTALLATION OF SIGNAGE INDOOR AT JOLIBEE GMALL,,"9,500.00",,,,,,,,,,,,,,,
,26,09/05/25,DILG XI,"TRAINING KITS (TOTE BAG W/ LOGO, NOTEBOOK W/ LOGO, BALLPEN, ID SLING) 67@550",,"33,500.00",,,,,,,,,,,,,,,
,27,,NIA,POLO SHIRT AND TOTE BAG 75@985,,"73,875.00",,,,,,,,,,,,,,,
,28,9/6/25,WESTERN INTERWEB NETWORK INC.,2 PCS STICKER ON ACRYLIC POSTER (28IN X 40IN) WITH INSTALLATION,,"2,000.00",,,,,,,,,,,,,,,
,29,9/8/25,PCA XI,"POLO SHIRT W/ EMBROIDERED LOGO, COMBI COLOR WHITE AND MOSS GREEN 124@600",,"74,400.00",,,,,,,,,,,,,,,
,30,9/9/25,PSA XI,CUSTOMIZED CERTIFICATE HOLDER FOR SPEAKER 16@150,SOCD-2025-08-06,"2,400.00",,,,,,,,,,,,,,,
,31,9/9/25,DILG XI,FABRICATION / CUTOMIZED TRAINING KIT 85@500,2025-09-226,"42,500.00",,,,,,,,,,,,,,,
,32,9/9/25,PHILHEALTH XI,LEATHER BAG A4 SIZE 350@350; REF MAGNET 350@90; USB OTG 320@325; FOLDABLE UMBRELLA 350@336,25-08-068,"375,760.00",,,,,,,,,,,,,,,
,33,09/09/25,PHILHEALTH XI,CORPORATE SHIRT POLO SHIRT DRIFIT 116@590,25-09-070,"68,440.00",,,,,,,,,,,,,,,
,34,09/10/25,NIA (DDO),CORPORATE JACKET COLOR OLIVE GREEN 6@1200,MISC-2025-147,"7,200.00",,,,,,,,,,,,,,,
,35,,,,,,,,,,,,,,,,,,,,
,36,9/10/25,DAVAO DOCTORS HOSPITAL (CLINICA HILARIO) INC,POLO SHIRT DRIFIT WHITE XS-XL 48@350; 2XL 1@370; 3XL 1@420; COTTON SHIRT WHITE XS-XL 58@230; 2XL 2@250,,"31,430.00",DR 3941,,,,,,,,,,,,,,
,37,09/11/25,USEP,ECOBAG WITH USEP LOGO 100@144,2025-08-0933,"14,400.00",,,,,,,,,,,,,,,
,38,9/12/25,CK CITY HALL / METRO CITY CHOW FOODS CORP,POSTER 27X38 IN 2@400,CK-1051-09-2025-218,800.00,,,,,,,,,,,,,,,
,39,9/12/25,CK GMALL / GCHOW MALL FOODS CORP,OUTDOOR STICKER 35 IN X 5 IN 24@97.25,CK-1045-08-2025-257,"2,334.00",,,,,,,,,,,,,,,
,40,8/7/25,DA-PRDP,CANVAS TOTE BAG 60@225; CUSTOMIZED TUMBLER 500ML 60@250,2025-08-054,"28,500.00",,,,,,,,,,,,,,,
,41,9/15/25,IBEX GLOBAL SOLUTIONS (PHILIPPINES) INC.,"CAP FUSION WITH EMBROIDERY, 30@300",,"9,000.00",,,,,,,,,,,,,,,
,42,CANCELLED,DMSFI,,,,,,,,,,,,,,,,,,
,43,9/17/25,DMSFI,"ACRYLIC FRAME WITH ADVERTISING BOLTS (30X40"") 6@6000; PICTURE FRAME SONY J. CHIN HALL 19.7X25"" 1@5000",250074,"41,000.00",CANCELLED ACC TO DMSF PROJ.XLSX,,,,,,,,,,,,,,
,44,9/17/25,DMSFI,"SUPPLY AND INSTALLATION OF HOSPITAL VISION AND MISSION BOARD 1@20000, LES 2000",,"18,000.00",,,,,,,,,,,,,,,
,45,9/17/25,DMSFI,SUPPLY OF LUMINOUS DIRECTIONAL FLOW 270@150; LUMINOUS EXIT SIGNAGE 60@200; LUMINOUS FIRE EXTINGUISHER 30@200; LESS 5000,2500087,"53,500.00",,,,,,,,,,,,,,,
,46,9/19/25,DMSFI,FOUNDATION SHIRT (SCHOOL) 300@250; FOUNDATION SHIRT (HOSPITAL) 504@250,2500072,"202,500.00",,,,,,,,,,,,,,,
,47,8/29/25,IBEX GLOBAL SOLUTIONS (PHILIPPINES) INC.,BASEBALL CAP 15@279.50; UNIQLO POLO 8@1257.5,,"14,252.50",,,,,,,,,,,,,,,
,48,CANCELLED,PSA XI,,,,,,,,,,,,,,,,,,
,49,9/23/25,IBEX GLOBAL SOLUTIONS (PHILIPPINES) INC.,PULLUP BANNER W/ MECHANISM 7@1400; LOCKER FLYERS 3000@6; TACK IT 34@150; PROP 1@380; SUPPLY AND INSTALLATION FOR ELEVATOR STICKER AND DISMANTLING 2@9000,,"51,280.00",,,,,,,,,,,,,,,
,50,9/23/25,FPS TECH PHILIPPINES INC.,ENAMEL PIN 45@180; JACKET REMITLY W/ NAME 1@1000,,"9,100.00",CELINE TIN,,,,,,,,,,,,,,
2,51,9/22/25,SUTHERLAND GLOBAL SERVICES PHILIPPINES INC.,"VARIOUS ITEM, UPHOLSTERY REPAIR, TARP 6X6, VARIOUS",,"49,258.00",,,,,,,,,,,,,,,
,52,CANCELLED,SUTHERLAND GLOBAL SERVICES PHILIPPINES INC.,,,,,,,,,,,,,,,,,,
,53,9/22/25,SUTHERLAND GLOBAL SERVICES PHILIPPINES INC.,VARIOUS,,"31,350.00",,,,,,,,,,,,,,,
,54,9/22/25,SUTHERLAND GLOBAL SERVICES PHILIPPINES INC.,VARIOUS,,"14,840.00",,,,,,,,,,,,,,,
,55,,USEP,TOKENS 1LOT@14580,2025-09-1021,"14,580.00",,,,,,,,,,,,,,,
,56,,USEP,PROMOTIONAL MATERIALS 1LOT@9000,2025-09-1022,"9,000.00",,,,,,,,,,,,,,,
,57,,PAG-IBIG FUND,DRIFIT PLAIN RED 49@150; BASKETBALL JERSEY UNIFORM SANDO SHIRTS 15@600; VOLLEYBALL/BADMINTON JERSEY SHIRT 34@350,,"28,250.00",,,,,,,,,,,,,,,
,58,,PAG-IBIG FUND,BANNER 1@500,,500.00,,,,,,,,,,,,,,,
,59,9/3/25,IBEX GLOBAL SOLUTIONS (PHILIPPINES) INC.,SINTRABOARD W/ LAMINATED PRINTED FOR ACRYLIC FRAME INSTALLATION FELCRIS SITE,,"3,000.00",,,,,,,,,,,,,,,
,60,9/22/25,IBEX GLOBAL SOLUTIONS (PHILIPPINES) INC.,PULL UP BANNER W MECHANISM 3@1400; LOCKER FLYERS 3000@6; TACK IT 34@150; PROPS W HANDLE 1@380,,"27,680.00",FELCRIS,,,,,,,,,,,,,,
,61,9/23/25,PSA DAVAO DEL SUR,2025 REGIONAL SPORTSFEST ATTIRE OF PSA 66@790,PSADS-PO-25-09-179,"52,140.00",,,,,,,,,,,,,,,
,62,9/23/25,DILG XI,"FABRICATION JACKET NAVY BLUE EMBROID 3"" LOGO 35@1285",2025-09-225,"44,975.00",,,,,,,,,,,,,,,
,63,9/23/25,METRO CITY CHOW FOODS CORP.,STICKER 4.8IN X 3.5IN 20@7,CK-1051-09-2025-234,140.00,,,,,,,,,,,,,,,
,64,9/23/25,GEN CORP INDUSTRIES INC,OUTDOOR STICKER 10IN X 4IN 2@50,JB-1029-09-2025-303,100.00,,,,,,,,,,,,,,,
,65,9/23/25,METRO CITY CHOW FOODS CORP.,OUTDOOR STICKER 2.5IN X 1IN 68@3.60,,244.80,,,,,,,,,,,,,,,
,66,9/23/25,GEN CORP INDUSTRIES INC,"OUTDOOR STICKER 3IN X 2.5IN ""CLAIM YOUR ORDER AT COUNTER) 16@20",JB-1029-09-2025-266,320.00,,,,,,,,,,,,,,,
,67,8/20/25,PHILHEALTH XI,VACUUM FLASK 500@420; HANDFAN 1000@73.50; KATSA BAG 1500@262.50; OPEN DATE PLANNER 500@210; NOTEBOOK 1000@236.25; USB FLASK DRIVE 300@325.50; REF MAGNET 1000@89.25; RETRACTABLE BALLPOINT PEN 2000@17.85; 3FOLD UMBRELLA 1000@336; MARKETING SHIRTS FOR PARTICIPANT 1000@240,,"1,817,100.00",CSI 01949; DR 3848,,,,,,,,,,,,,,
,68,9/24/25,FPS TECH PHILIPPINES INC.,HOODY JACKET W/ PRINT AND EMBROID 10@900; UMBRELLA WITH PRINT 15@280; INSULATED MUG W3 PRINT 20@250; MOUSEPAD 20@85,,"19,900.00",RECRUITMENT,,,,,,,,,,,,,,
,69,9/25/25,MARINA XI,TSHIRT W/ DESIGN FOR MARITIME SAFETY CULTURE AWARENESS CARAVAN 100@350,2025-0037,"35,000.00",,,,,,,,,,,,,,,
,70,9/23/25,PHILHEALTH XI,TARPAULIN STANDEE W/ MECHANISM 52@1300,25-08-063,"67,600.00",,,,,,,,,,,,,,,
,71,9/25/25,PSA XI,CUSTOMIZED ID LANYARD WITH ID JACKET/HOLDER FOR 2025 NATIONAL DEMOGRAPHIC AND HEALTH SURVEY 28@130,SOCD-2025-09-22,"3,640.00",,,,,,,,,,,,,,,
,72,9/25/25,PSA XI,UMBRELLA FOR THE 2025 NATIONAL DEMOGRAPHIC AND HEALTH SURVEY OPERATIONS 45@285,SOCD-2025-09-12,"12,825.00",,,,,,,,,,,,,,,
,73,9/26/25,PSA XI,POLO SHIRT FOR THE 2025 NATIONAL DEMOGRAPHIC AND HEALTH SURVEY OPERATION 28@445; 100% HIGH TECH QUICK DRY POLYESTER FABRIC W/ EMBROIDERED PSA LOGO 62@500,,"43,460.00",,,,,,,,,,,,,,,
,74,10/1/25,DMSF (HOSPITAL),"SUPPLY, FABRICATION AND INSTALLATION OF ACRYLIC ORGANIZATIONAL CHART 48"" X 67""",J25-0007,"35,000.00",,,,,,,,,,,,,,,
,75,10/1/25,DMSF (HOSPITAL),SUPPLY INSTALLATION OF PHILHEALTH SIGNAGE MATERIAL PANAFLEX PROCESS PHTOGRAPHIC PRINTING LIGHTING LIGHTED RISING LED OR FLUORESCENT,J25-0044,"30,000.00",,,,,,,,,,,,,,,
,76,10/1/25,DMSF (HOSPITAL),SUPPLY FABRICATION AND INSTALLATION OF ACRYLIC ORGANIZATIONAL CHART; ACRYLIC FRAME W/ POCKETS,J25-0012,"50,000.00",,,,,,,,,,,,,,,
,77,10/1/25,DMSFI,SUPPLY FABRICATION AND INSTALLATION OF CLEAR ACRYLIC SIGNAGE WITH ACRYLIC CUT OUT INFANT CHILD AND ADOLESCENT HEALTH FOR PRIMARY CARE CENTER 4@3500,2500066,"14,000.00",,,,,,,,,,,,,,,
,78,10/1/25,DMSFI,10PCS SUPPLY FABRICATION AND INSTALLATION OF CLEAR ACRYLIC SIGNAGE WITH ACRYLIC CUTOUT AND ADVERTISING BOLTS FOR COLLEGE LIBRARY DEPARTMENT; LESS 3000,2500088,"32,000.00",,,,,,,,,,,,,,,
,79,10/1/25,IBEX GLOBAL SOLUTIONS (PHILIPPINES) INC.,CAPEX UHX PRODUCTION FLOOR BRANDING (OLD DTV) AREA,36-1004119,"299,152.00",,,,,,,,,,,,,,,
,80,9/26/2025,BUREAU OF CUSTOMS XI,SUPPLY AND PRINTING OF CUSTOMIZED TSHIRT 250@450,2025-09-0076,"112,500.00",,,,,,,,,,,,,,,
,81,10/2/25,DAVAO DOCTORS HOSPITAL (CLINICA HILARIO) INC,"POLO SHIRT GREEN W/ EMBROID S-XL,FEMALE L-4XL @445; 2XL 12@455; 3XL 10@475; 4XL 10@495",234837,"89,920.00",,,,,,,,,,,,,,,
,82,,PAG-IBIG FUND,STICKER ON BOTH SIDES FOR NEW SERVICE VEHICLE 6@1200,,"7,200.00",,,,,,,,,,,,,,,
,83,10/3/25,PSA XI,"TOKEN FOR PARTICIPANTS OF OPENING CEREMONIES, DATA DISSEMINATION OF AGRICULTURAL STATISTICS AND SPG SUMMIT FOR THE 36TH NATIONAL STATISTICS MONTH OF 06 OCTOBER 2025 EGG MUG 160@300",SOCD-2025-09-27,"48,000.00",,,,,,,,,,,,,,,
,84,10/6/25,MARINA XI,TSHIRT W/ DESIGN TO BE USED FOR MARITIME SAFETY CULTURE AWARENESS CAMPAIGN 100@350,2025-0041,"35,000.00",,,,,,,,,,,,,,,
,85,10/6/25,FLATWORLD SOLUTIONS (PHILIPPINES) INC.,KEYCHAIN 75@75; NOTEBOOK BLACK 45@120; CAP BLACK 13@280,,"14,665.00",,,,,,,,,,,,,,,
,86,10/7/25,PSA DAVAO REGION,TOKEN FOR PARTICIPANT....DOUBLE WALL GLASS MATERIAL WITH WOODEN COVER 350 ML 350@300,SOCD-2025-0724,"105,000.00",,,,,,,,,,,,,,,
,87,10/7/25,IBEX GLOBAL SOLUTIONS (PHILIPPINES) INC.,SHIRTS 50@450; GLASS TUMBLER 11@240; INSULATED TUMBLER 6@450; PRINTED CAP 11@220; SMALL POUCH 10@235,,"32,610.00",,,,,,,,,,,,,,,
,88,10/9/25,DAVAO DOCTORS HOSPITAL (CLINICA HILARIO) INC,CUSTOMIZED BLACK MUG W/ PRINT 500@150,237364,"75,000.00",,,,,,,,,,,,,,,
,89,10/11/25,DAVAO CENTRAL CHEMICAL CORPORATION,TARP AND STICKERS,,"14,635.00",,,,,,,,,,,,,,,
,90,,,,,,,,,,,,,,,,,,,,
,91,10/11/25,DCCC EMPC,TSHIRT BOWLING 19@210,,"3,990.00",,,,,,,,,,,,,,,
,92,10/13/25,DAVAO DOCTORS HOSPITAL (CLINICA HILARIO) INC.,LINEN SUBLIMATION FOR BED SHEETS 6600@32,236710,"211,200.00",,,,,,,,,,,,,,,
,93,10/13/25,DAVAO DOCTORS HOSPITAL (CLINICA HILARIO) INC.,LINEN SUBLIMATION BEDSHEETS 2000@32; PILLOWCASE 2000@25; FITTED SHEETS 1000@32,229395,"176,000.00",,,,,,,,,,,,,,,
,94,9/30/25,IBEX GLOBAL SOLUTIONS (PHILIPPINES) INC.,HOODY PRINTED; TOTE BAG 23@180; PUB TARP 4@450; TARP 1@360,,"27,750.00",,,,,,,,,,,,,,,
,95,,CANCELLED,,,,,,,,,,,,,,,,,,
,96,,DILG XI,FABRICATION OF VEST 30@1500,2025-09-254,"45,000.00",,,,,,,,,,,,,,,
,97,10/13/25,DAVAO DOCTORS HOSPITAL (CLINICA HILARIO) INC.,CUSTOMIZED MUG WITH BOX COLOR WHITE 200@65; FOLDABLE FAN W/ LOGO COLOR TEAL /WHITE 200@38,239555,"20,600.00",,,,,,,,,,,,,,,
,98,10/13/25,"OFFICEPARTNERS 360, INC.",POLO SHIRT W/ EMBROIDERY 22@550; PLAQUE ACRYLIC SMALL 10@550; EXECUTIVE STATIONARY 22@400,5407,"26,400.00",,,,,,,,,,,,,,,
,99,,USEP,TARP ,2025-09-1001,"28,150.00",,,,,,,,,,,,,,,
,100,10/16/25,EMB XI,FULL SUBLIMATION JERSEY 15@550,ADMW-HRM2025-10-242,"8,250.00",,,,,,,,,,,,,,,
3,101,10/9/25,PCA XI,POLO SHIRT W/ EMBROIDERY PCA 55@450,,"24,750.00",,,,,,,,,,,,,,,
,102,10/17/25,IBEX GLOBAL SOLUTIONS (PHILIPPINES) INC.,HANGING TARP 24@336,,"8,064.00",,,,,,,,,,,,,,,
,103,10/17/25,DAVAO CENTRAL CHEMICAL CORPORATION,KRAFT BAG PRINT 4000@7,,"28,000.00",,,,,,,,,,,,,,,
,104,10/20/25,SUTHERLAND GLOBAL SERVICES PHILIPPINES INC.,VARIOUS,,"31,050.00",,,,,,,,,,,,,,,
,105,10/20/25,SUTHERLAND GLOBAL SERVICES PHILIPPINES INC.,VARIOUS,,"16,710.00",,,,,,,,,,,,,,,
,106,10/20/25,SUTHERLAND GLOBAL SERVICES PHILIPPINES INC.,VARIOUS,,"40,484.00",,,,,,,,,,,,,,,
,107,10/20/25,SUTHERLAND GLOBAL SERVICES PHILIPPINES INC.,DR 3945 TSHIRT,,"75,730.00",,,,,,,,,,,,,,,
,108,,PCA XI,POLO SHIRT COMBI W/ EMBROID 12@600; LONGSLEEVE W/ PRINT LOGO 60@320; BUSH HAT STRING 60@350,2025-10-0201,"47,400.00",,,,,,,,,,,,,,,
,109,,PSA XI,STATISTICAL RESEARCHER'S UMBRELLA FOR THE 2024 SURVEY OF ENERGY CONSUMPTION OF ESTABLISHMENT (SECE0 OPERATIONS 14@300,SOCD-2025-09-17,"4,200.00",,,,,,,,,,,,,,,
,110,,PSA XI,STATISTICAL RESEARCHER'S POLO SHIRT FOR THE 2024 SURVEY OF ENERGY CONSUMPTION OF ESTABLISHMENT (SECE0 OPERATIONS 14@450,SOCD-2025-09-16,"6,300.00",,,,,,,,,,,,,,,
,111,10/20/25,DILG XI,TARPAULIN BACKDROP 1@1000,2025-10-288,"1,000.00",,,,,,,,,,,,,,,
,112,,DILG XI,FABRICATION/CUSTOMIZED TRAINING KIT NOTEBOOK&PEN W/ LOGO BAGONG PILIPINAS & DILG LOGO 160@240,2025-10-290,"38,400.00",,,,,,,,,,,,,,,
,113,10/21/2025,DA PRDP,PRINTED UMBRELLA 120@295,2025-09-061,"35,400.00",,,,,,,,,,,,,,,
,114,10/21/25,IBEX GLOBAL SOLUTIONS (PHILIPPINES) INC.,SWEATER W/ EMBROID 30@1850,,"55,500.00",,,,,,,,,,,,,,,
,115,10/22/25,DILG XI,TARPAULIN AND ROLLUP BANNER,2025-10-294,"20,000.00",,,,,,,,,,,,,,,
,116,10/22/25,PAG-IBIG FUND,PULL UP BANNER 1@1095; POSTER BANNER 1@180,25-09-840,"1,275.00",,,,,,,,,,,,,,,
,117,10/22/25,DILG XI,"FABRICATION/CUSTOMIZED TRAINING KITS (TOTE BAG A4, NOTEBOOK, BALLPEN) 400@380",2025-10-293,"152,000.00",,,,,,,,,,,,,,,
,118,10/23/25,IBEX GLOBAL SOLUTIONS (PHILIPPINES) INC.,WALL A BACKDROP TARP 6600; WALL B BACKDROP TARP 1600,,"8,200.00",,,,,,,,,,,,,,,
,119,10/23/25,IBEX GLOBAL SOLUTIONS (PHILIPPINES) INC.,POSTER 11@500,,"5,500.00",,,,,,,,,,,,,,,
,120,10/24/25,DAVAO DOCTORS HOSPITAL (CLINICA HILARIO) INC.,CANCERSURVIVOR TSHIRT WHITE 100@230,239625,"23,000.00",,,,,,,,,,,,,,,
,121,9/26/25,PPA XI,WHITE TSHIRT 59@250,M501-007850-25,"14,750.00",,,,,,,,,,,,,,,
,122,,PAG-IBIG FUND,EXTERIOR SIGNAGE FOR HOUSING BUSINESS CENTER 37500,PR 25-10861; SM 25226,"37,500.00",,,,,,,,,,,,,,,
,123,,PAG-IBIG FUND,STICKER ON BOTH SIDES FOR VEHICLE,PR 25-10-856 SM 25221,"1,200.00",,,,,,,,,,,,,,,
,124,10/27/25,ABREEZA BEE FOODS CORP,OUTDOOR STICKER,,812.60,,,,,,,,,,,,,,,
,125,10/27/25,IBEX GLOBAL SOLUTIONS (PHILIPPINES) INC.,PUB TARP 6@450,,"2,700.00",,,,,,,,,,,,,,,
,126,10/28/25,PSA XI,TOKEN FOR PARTICIPANTS COLLAPSIBLE/FOLDABLE WATER BOTTLE W/ BOX 650ML 200@195,SOCD-2025-10-01,"39,000.00",,,,,,,,,,,,,,,
,127,10/28/25,"OFFICEPARTNERS 360, INC.",POLO SHIRT W/ EMBROIDERY 3@550; PEN NOTEBOOK 3@400; BOMBER CORPORATE JACKET 12@1000; BOMBER CORPORATE JACKET 12@1000,5452,"26,850.00",,,,,,,,,,,,,,,
,128,10/29/25,IBEX GLOBAL SOLUTIONS (PHILIPPINES) INC.,TARPAULIN PUB 6@450,,"2,700.00",,,,,,,,,,,,,,,
,129,10/29/25,DAVAO DOCTORS HOSPITAL (CLINICA HILARIO) INC.,TARPAULIN,240801,720.00,,,,,,,,,,,,,,,
,130,10/29/25,DAVAO DOCTORS HOSPITAL (CLINICA HILARIO) INC.,FULL SUBLIMATION SHIRTS 233@300,239368,"69,900.00",,,,,,,,,,,,,,,
,131,10/29/25,DAVAO DOCTORS HOSPITAL (CLINICA HILARIO) INC.,DRIFIT SHIRTS SPORTSFEST ADDITIONAL 110@300,240807,"33,000.00",,,,,,,,,,,,,,,
,132,,DAVAO DOCTORS HOSPITAL (CLINICA HILARIO) INC.,DRIFIT SHIRTS 2@300,,600.00,,,,,,,,,,,,,,,
,133,10/30/25,ABREEZA BEE FOODS CORP,OUTDOOR STICKER,JB1042-10-2025-199,844.00,,,,,,,,,,,,,,,
,134,10/30/25,DMSFI,INTRAMURALS SHIRT 253@250,,"63,250.00",,,,,,,,,,,,,,,
,135,10/30/25,DMSFI,JACKET 7@650,,"4,550.00",,,,,,,,,,,,,,,/
,136,10/30/25,DMSFI,JACKET 4@850; 8XL 1@1000,,"4,400.00",,,,,,,,,,,,,,,
,137,10/24/25,PSA DAVAO REGION,POLO SHIRT FOR THE 29TH PHILIPPINE STATISTICS QUIZ 35@430,SOCD-2025-10-04,"15,050.00",,,,,,,,,,,,,,,
,138,11/5/25,DAVAO CENTRAL CHEMICAL CORPORATION,SACK PRINT 1000@7.50,,"7,500.00",,,,,,,,,,,,,,,
,139,11/5/25,IBEX GLOBAL SOLUTIONS (PHILIPPINES) INC.,ABG MIRROR 80@250,,"20,000.00",,,,,,,,,,,,,,,
,140,11/6/25,PSA XI,POLO SHIRT FOR OCTOBER 2025 CONSUMER EXPECTATIONS SURVEY (CES) 25@420,SOCD-2025-10-05,"10,500.00",,,,,,,,,,,,,,,
,141,11/6/25,PSA XI,POLO SHIRT FOR 2025 COMMODITY FLOW SURVEY 30@430,SOCD-2025-10-11,"12,900.00",,,,,,,,,,,,,,,
,142,11/7/25,DILG XI,PRINTING OF FLYER 3000@15; FABRICATION OF CUSTOMIZED FOLDABLE FAN 1500@20,2025-11-327,"75,000.00",,,,,,,,,,,,,,,
,143,11/00/25,DAVAO DOCTORS HOSPITAL (CLINICA HILARIO) INC.,TSHIRTS (SPORTS) WHITE 2@300,241178,600.00,,,,,,,,,,,,,,,
,144,,CANCELLED,,,,,,,,,,,,,,,,,,
,145,11/00/25,DAVAO DOCTORS HOSPITAL (CLINICA HILARIO) INC.,TARP,,731.25,,,,,,,,,,,,,,,
,146,11/11/25,GCHOW MALL FOODS CORP,OUTDOOR STICKER 10@11,CK1045-10-2025-314,110.00,,,,,,,,,,,,,,,
,147,11/11/25,IBEX GLOBAL SOLUTIONS (PHILIPPINES) INC.,FIRE EXTINGUISHER SIGN 21@200,,"4,200.00",,,,,,,,,,,,,,,
,148,,BFP XI,TSHIRT (VNECK SUBLIMATION) 66@495; LONGSLEEVE W/ HOOD (SUBLIMATION) 66@995 BANNER 1700,,"100,040.00",,,,,,,,,,,,,,,
,149,,BFP XI,TARP 6FT X 22FT 1@3100; UNIFORM SUBLIMATION TSHIRT FEMALE/SANDO MALE 156@496; TROPHY 1@1980,L06-2025-10-125,"83,290.00",,,,,,,,,,,,,,,
,150,11/14/25,PHILIPPINE PORTS AUTHORITY XI,TOTE BAG W/ PPA LOGO 31@100,,"3,100.00",,,,,,,,,,,,,,,
4,151,10/21/25,PSA XI,"TOKEN FOR ORIENTATION FOR IMPLEMENTATION OF THE LIVESTOCK AND POULTRY ADMINISTRATIVE DATA (LAPAD) REPORTING SYSTEM TUMBLER, VACUUM FLASK 50@240",SOCD-2025-10-03,"12,000.00",,,,,,,,,,,,,,,
,152,,DAVAO CONCRETE POLES CORPORATION,TSHIRTS SHORTSLEEVE W/ LOGO 132@175,,"23,100.00",,,,,,,,,,,,,,,
,153,,PCA XI,POLO SHIRT COMBI 9@600; LONGSLEEVE 4@320; BUSH HAT 4@350,,"8,080.00",,,,,,,,,,,,,,,
,154,,PCA XI,BUSH HAT 15@350,,"5,250.00",,,,,,,,,,,,,,,
,155,,MARINA XI,PRINTING OF MARINA AND DOTR FLAG,,"1,800.00",,,,,,,,,,,,,,,
,156,10/24/25,PSA XI,TOKEN FOR PARTICIPANTS OF 50 REGIONAL .... COLLAPSIBLE/FOLDABLE WATER BOTTLE WITH BOX AND TOTE BAG 50@300,SOCD-2025-10-21,"15,000.00",,,,,,,,,,,,,,,
,157,,CANCELLED,,,,,,,,,,,,,,,,,,
,158,,NIA XI,MUGS 180@85; TOTE BAG 75@180; TUMBLER 145@280,,"69,400.00",,,,,,,,,,,,,,,
,159,11/10/25,DAVAO CENTRAL CHEMICAL CORPORATION,LONGSLEEVE UNIFORM FOR ADMIN LARGE 10@580,PO-0002701,"5,800.00",,,,,,,,,,,,,,,
,160,11/10/25,DAVAO CENTRAL CHEMICAL CORPORATION,LONGSLEEVE UNIFORM FOR PRODUCTION 6@580; POLO SHIRT UNIFORM 2@520,PO-0002707,"4,520.00",,,,,,,,,,,,,,,
,161,11/14/25,DILG XI,"FABRICATION OF CUSTOMIZED TRAINING KITS (TOTE BAG A4, NOTEBOOK, BALLPEN) 150@380",2025-11-346,"57,000.00",,,,,,,,,,,,,,,
,162,11/19/25,FPS TECH PHILIPPINES INC.,BLUE FOLDABLE FANS WITH FPS LOGO 250@35; BLUE GOLD UMBRELLA W/ FPS LOGO 30@400,FPS-103025-05,"20,750.00",,,,,,,,,,,,,,,
,163,11/20/25,SUTHERLAND GLOBAL SERVICES PHILIPPINES INC.,VARIOUS,,"47,124.00",,,,,,,,,,,,,,,
,164,11/20/25,SUTHERLAND GLOBAL SERVICES PHILIPPINES INC.,VARIOUS,,"20,200.00",,,,,,,,,,,,,,,
,165,11/20/25,CK CITY HALL/METROCITY CHOW FOODS CORP,OUTDOOR STICKER 4@41,CK 1051-11-2025-258,164.00,,,,,,,,,,,,,,,
,166,11/20/25,CK GMALL/GCHOW MALL FOODS CORP,OUTDOOR STICKER 2@22,CK 1045-11-2025-339,44.00,,,,,,,,,,,,,,,
,167,11/21/25,"LTS PINNACLE HOLDING, INC",POLO SHIRT W/ PRINT FOR SAFETY OFFICER 97@380,,"36,860.00",DR 4181,,,,,,,,,,,,,,
,168,11/21/25,PRDP,TSHIRT FULL COLORS SUBLIMATION 85@450,,"38,250.00",,,,,,,,,,,,,,,/
,169,11/21/25,BADETH MERCADER,TSHIRT COMMITTEE 24@350,,"8,400.00",,,,,,,,,,,,,,,
,170,11/22/25,IBEX GLOBAL SOLUTIONS (PHILIPPINES) INC.,TARP,,"1,848.00",,,,,,,,,,,,,,,
,171,11/24/25,PHILHEALTH XI,SHIRT DRIFIT (PHILHEALTH CHORALE) 66@750,JO 25-10-088,"49,500.00",,,,,,,,,,,,,,,
,172,11/24/25,PAG-IBIG FUND,STICKER ON VEHICLE,PR 25-10-958,"1,200.00",,,,,,,,,,,,,,,
,173,11/24/25,PSA XI,TOKEN/NOTEBOOK FOR PARTICIPANTS IN THE RDDF ON THE MISSI AND PPS AND OWS-ISLE ON NOV 28 2025 180@180,SOCD-2025-11-15,"32,400.00",,,,,,,,,,,,,,,
,174,11/25/25,PSA XI,TSHIRT FOR SOCD PLANNING WORKSHOP W/ PRINT 23@340,SOCD-2025-11-05,"7,820.00",,,,,,,,,,,,,,,
,175,11/26/2025,DILG XI,"CUSTOMIZED TRAINING KIT (JACKET, TOTEBAG BLACK, NOTEBOOK OFF WHITE) 70@1500",2025-11-387,"105,000.00",,,,,,,,,,,,,,,
,176,2/14/25,PHILHEALTH XI,TARP,JO-25-02-009,"4,896.00",,,,,,,,,,,,,,,
,177,11/27/25,DILG XI,"CUSTOMIZED TRAINING KIT (TOTE BAG WHITE, NOTEBOOK, BALLPEN) 228@380",2025-11-396,"86,640.00",,,,,,,,,,,,,,,
,178,12/03/25,PAG-IBIG FUND,STICKERS,SM 25267 PR25-11-1011,"1,200.00",,,,,,,,,,,,,,,
,179,12/3/25,PAG-IBIG FUND,STICKERS,PR 25-11-987,"1,200.00",,,,,,,,,,,,,,,
,180,12/3/25,FPS TECH PHILIPPINES INC.,ACRYLIC KEYCHAIN 80@16,FPS-112625-01,"1,280.00",,,,,,,,,,,,,,,
,181,12/10/25,PPA XI,"TOTEBAG, CLOTH ORANGE W/ LOGO 27@180",,"4,860.00",,,,,,,,,,,,,,,
,182,,DILG XI,WHITE POLO SHIRT 20@500; NAVY BLUE POLO SHIRT 20@500,,"20,000.00",,,,,,,,,,,,,,,
,183,12/11/25,FLATWORLD SOLUTIONS (PHILIPPINES) INC.,PLANNER 20@300; BASIC CAP 10@220; UMBRELLA 10@250; PEN 25@50,,"11,950.00",,,,,,,,,,,,,,,
,184,,PRDP,POLO SHIRT COMBINATION W LOGO PRDP 95@490,,"46,550.00",,,,,,,,,,,,,,,
,185,12/5/25,DMSFI,DOUBLE SIDED ACRYLIC FRAME DOOR DESIGN 1@30000,J25-0059,"30,000.00",,,,,,,,,,,,,,,
,186,,PRDP,TSHIRT W PRDP LOGO 95@490,,"46,550.00",,,,,,,,,,,,,,,
,187,,PRDP,TSHIRT W PRDP LOGO SUBLIMATION 95@490,,"46,550.00",,,,,,,,,,,,,,,
,188,12/10/25,PHILHEALTH XI,HANDFAN 1448@78; RETRACTABLE BALLPOINT PEN 500@19; OPEN DATE PLANNER 1400@215; USB OTG WOODEN KEYCHAIN 300@341; POSTER KATSA BAG 1020@275; NOTEBOOK W INSERTS 1150@248; MARKETING SHIRT FOR PARTICIPANTS 1000@262,2025-013,"1,353,444.00",,,,,,,,,,,,,,,
,189,12/12/25,FPS TECH PHILIPPINES INC.,REMITLY SUPER HERO JACKET WITH HOODY 2@1200,,"2,400.00",,,,,,,,,,,,,,,
,190,12/1/25,PAG-IBIG FUND,STICKER,PR 25-11-978 SM25249,"1,200.00",,,,,,,,,,,,,,,
,191,12/2/25,PHILHEALTH XI,PRO XI GREEN AND DIRTY WHITE JACKET 402@980,JO 25-09-073,"393,960.00",,,,,,,,,,,,,,,
,192,12/2/25,DAVAO CONCRETE POLES CORPORATION,ECO BAG 200@60,,"12,000.00",,,,,,,,,,,,,,,
,193,12/25,DILG XI,CUSTOMIZED TRAINING KITS 45@240,2025-12-419,"10,800.00",,,,,,,,,,,,,,,
,194,11/7/25,PCA XI,PLAQUE 11@1200,,"13,200.00",,,,,,,,,,,,,,,
,195,12/25/25,GENCORP INDUSTRIES INC.,STICKER,,49.00,,,,,,,,,,,,,,,
,196,12/16/25,GENCORP INDUSTRIES INC.,STICKER,JB-1034-12-2025-218,,,,,,,,,,,,,,,,
,197,12/18/25,PSA XI,OFFICE SUPPLIES FOR CONSUMER EXPECTATIONS SURVEY OPERATIONS - DOCUMENT BAG 36@550,SOCD-2025-12-15,"19,800.00",,,,,,,,,,,,,,,
,198,12/19/25,PHILHEALTH XI,MARKETING COLLATERALS 248@480; MECHANICAL STANDEE 18@1250,JO 25-12-104,"141,540.00",,,,,,,,,,,,,,,
,199,,PSA DAVAO DEL SUR,PLAQUE OF RECOGNITION TOP PERFORMING LCRO OF DAVAO DEL SUR 3@1500,PSADS-PO-25-11-272,"4,500.00",,,,,,,,,,,,,,,
,200,,PSA DAVAO DEL SUR,TOKEN FOR 4TH QUARTER MEETING OF PROVINCIAL STATISTICS COMMITTEE DAVAO DEL SUR AND CITY STATISTICS COMMITTEE DAVAO CITY MEMBER -EXECUTIVE BLACK PEN WITH CASE 70@435,PSADS-PO-25-11-256,"30,450.00",,,,,,,,,,,,,,,
5,201,11/21/25,DAVAO CENTRAL CHEMICAL CORPORATION,STICKER DC PLACARD 500@48,3071,"24,000.00",,,,,,,,,,,,,,,
,202,11/25/25,HOLY CROSS OF DAVAO COLLEGE INC.,SUBLI POLO SHIRT S-XL 18@440; 2XL 1@450,,"8,370.00",,,,,,,,,,,,,,,
,203,11/26/25,IBEX GLOBAL SOLUTIONS (PHILIPPINES) INC.,"TRAINING ROOM, MEETING ROOM, AND BOARD ROOM BRANDING 1@242028",PO-36-1004447,"242,028.00",,,,,,,,,,,,,,,
,204,11/26/25,IBEX GLOBAL SOLUTIONS (PHILIPPINES) INC.,5F PRODUCTION AND HALLWAY BRANDING - 5TH FLOOR HALLWAY,PO-36-1004436,"431,258.00",,,,,,,,,,,,,,,
,205,11/26/25,IBEX GLOBAL SOLUTIONS (PHILIPPINES) INC.,5F PRODUCTION AND HALLWAY BRANDING - FOODPANDA,PO-36-1004436,"177,318.00",,,,,,,,,,,,,,,
,206,11/26/25,IBEX GLOBAL SOLUTIONS (PHILIPPINES) INC.,5F PRODUCTION AND HALLWAY BRANDING - CUSTOM INK,PO-36-1004436,"56,177.00",,,,,,,,,,,,,,,
,207,11/26/25,IBEX GLOBAL SOLUTIONS (PHILIPPINES) INC.,"CAPEX FELCRIS BUILDOUT - BRANDING FOR FORMERPROGRAMS (ABG, FPS, AND PAL)",PO-36-1004711,"410,520.00",,,,,,,,,,,,,,,
,208,12/5/25,PHILHEALTH XI,TARPAULIN AND SINTRA BOARD,,"87,960.11",,,,,,,,,,,,,,,
,209,12/5/25,PHILHEALTH XI,TARPAULIN AND SINTRA BOARD,,"99,999.71",,,,,,,,,,,,,,,
,210,12/5/25,PHILHEALTH XI,TARPAULIN AND SINTRA BOARD,,"79,999.01",,,,,,,,,,,,,,,
,211,12/9/25,PPA XI,TSHIRT ROUND COLLAR W/ PRINT AND COLOR COMBINATION 20@400,,"8,000.00",,,,,,,,,,,,,,,
,212,,CANCELLED,,,,,,,,,,,,,,,,,,
,213,12/12/25,PAG-IBIG FUND,TARPAULIN,PR NO 25-12-1028,"1,150.00",,,,,,,,,,,,,,,
,214,12/15/25,PAG-IBIG FUND,TARPAULIN,,"2,300.00",,,,,,,,,,,,,,,
,215,12/15/25,PHILHEALTH XI,3FOLD UMBRELLA 65@380; KATSA BAG 65@350; GREEN COLLARD SHIRT W/ PAIMS 50@500; YAKAP COLLARD SHIRT 65@500,JO 25-11-103,"104,950.00",,,,,,,,,,,,,,,
,216,12/15/25,PHILHEALTH XI,TARPAULIN,JO 25-11-100,"1,200.00",,,,,,,,,,,,,,,
,217,12/15/25,PHILHEALTH XI,VARIOUS,JO 25-11-101,"50,820.00",,,,,,,,,,,,,,,
,218,,PPA XI,SHIRTS 18@400,,"7,200.00",,,,,,,,,,,,,,,
,219,12/19/25,SUTHERLAND GLOBAL SERVICES PHILIPPINES INC.,VARIOUS,,"37,535.00",,,,,,,,,,,,,,,
,220,12/19/25,SUTHERLAND GLOBAL SERVICES PHILIPPINES INC.,VARIOUS,,"44,240.00",,,,,,,,,,,,,,,
,221,12/19/25,SUTHERLAND GLOBAL SERVICES PHILIPPINES INC.,DRIFIT,,"1,000.00",,,,,,,,,,,,,,,
,222,12/19/25,SUTHERLAND GLOBAL SERVICES PHILIPPINES INC.,DRIFIT,,"2,000.00",,,,,,,,,,,,,,,
,223,12/19/25,SUTHERLAND GLOBAL SERVICES PHILIPPINES INC.,DRIFIT SECURITY,,"3,000.00",,,,,,,,,,,,,,,
,224,12/19/25,SUTHERLAND GLOBAL SERVICES PHILIPPINES INC.,DRIFIT,,750.00,,,,,,,,,,,,,,,
,225,12/20/25,BANGKO SENTRAL NG PILIPINAS,GRAY VNECK UNDERSHIRT 407@450; BLACK VNECK UNDERSHIRT 286@450,JO 600001466,"311,850.00",,,,,,,,,,,,,,,
,226,12/25,PPA XI,CACHA BAG 31@100,,"3,100.00",,,,,,,,,,,,,,,
,227,12/22/25,BSP/MRO,TINT AND SIGNAGE 1@25000,,"25,000.00",,,,,,,,,,,,,,,
,228,12/22/25,PSA XI,EXTENDED MOUSE PAD 100@250,SOCD-2025-12-09,"25,000.00",,,,,,,,,,,,,,,
,229,12/23/25,DILG XI,"ILLUMINATED EMERGENCY EXIT SIGN SINTRABOARD WITH ADHESIVE 6""X14"" 30@700; ILLUMINATED EMERGENCY EXIT SIGN SINTRABOARD WITH ADHESIVE 8""X12""  15@600",2025-11-400,"30,000.00",,,,,,,,,,,,,,,
,230,12/23/25,LANDBANK,CUSTOMIZED GOLF UMBRELLA 55@330,2025-1006-227,"18,150.00",,,,,,,,,,,,,,,
,231,,PSA DAVAO DEL SUR,POLO SHIRT FOR YEAR END PERFORMANCE REVIEW OF LCRO OF DAVAO DEL SUR AND CITY OF DAVAO 33@445,PSADS-PO-25-11-274,"14,685.00",,,,,,,,,,,,,,,
,232,,CANCELLED,DMSF,,,,,,,,,,,,,,,,,
,233,1/6/26,DMSFI,JACKET 9@1250; ID 7@180; LANYARD 7@100,,"13,210.00",,,,,,,,,,,,,,,
,234,1/7/26,DAVAO DOCTORS HOSPITAL (CLINICA HILARIO) INC.,PAPER WEIGHT CLOCK TOKEN 79@240,244672,"18,960.00",,,,,,,,,,,,,,,
,235,12/15/25,DA XI,BRIM ROUND HAT 160@315,2025-12-071,"50,400.00",,,,,,,,,,,,,,,
,236,,NIA DDO,USHERING JACKET 105@950,,"99,750.00",,,,,,,,,,,,,,,
,237,,DILG DAVAO CITY,ARTA ID 20@180,,"3,600.00",,,,,,,,,,,,,,,
,238,,DAVAO DOCTORS HOSPITAL (CLINICA HILARIO) INC.,POLO SHIRT HONEYCOMB CUSTOM COLLAR W/ SLEEVE 50@550,244288,"27,500.00",,,,,,,,,,,,,,,
,239,1/14/26,DAVAO DOCTORS HOSPITAL (CLINICA HILARIO) INC.,POLO SHIRT FULL SUBLIMATION DRIFIT XS-XL 870@400; 2XL 55@420; 3XL-5XL 23@450,244662,"381,450.00",,,,,,,,,,,,,,,
,240,,PSA DAVAO DEL SUR,POLO SHIRT FOR YEAR END PERFORMANCE REVIEW OF LCRO OF DAVAO DEL SUR AND CITY OF DAVAO 33@445,PSADS-PO-25-11-274,"14,685.00",,,,,,,,,,,,,,,
,241,,CANCELLED,DMSF - ACRYLIC SIGNAGE ,JO 2500088,"32,000.00",,,,,,,,,,,,,,,
,242,12/22/25,DMSFI,"EVACUATION PLAN A3 SIZE (GLOW IN THE DARK, REFLECTORIZE) ON ACRYLIC FRAME WITH ADVERTISING BOLTS 26@1000",JO 2500094,"26,000.00",,,,,,,,,,,,,,,
,243,12/22/25,DMSFI,"ACRYLIC DOOR SIGNAGE W/ ACRYLIC CUTOUT ""DOOR SIGN"" 37@2200; LAMINATED STICKER ON SINTRA ""DOOR SIGN"" 12@500",JO 2500121,"87,400.00",,,,,,,,,,,,,,,
,244,1/16/26,DAVAO DOCTORS HOSPITAL (CLINICA HILARIO) INC.,EMBROIDERY FRONT AND BACK JACKET AUDIT 5@300,244671,"1,500.00",,,,,,,,,,,,,,,
,245,12/22/25,DMSFI,FABRICATION OF SIGNAGE FOR MAINTENANCE OFFICE,JO 2500123,"175,000.00",,,,,,,,,,,,,,,
,246,1/9/26,NIA XI,WINDBREAKER JACKET WITH NIA LOGO EMBROIDERY 127@950,JO-2026-01-002,"120,650.00",,,,,,,,,,,,,,,
,247,1/22/26,PCA XI,PLAQUE TABLE NAME PLATE 1@3000,,"3,000.00",,,,,,,,,,,,,,,
,248,1/22/26,FLATWORLD SOLUTIONS (PHILIPPINES) INC.,KEYCHAINS 215@75; NOTEBOOK BLACK 26@120; CAP BACK 21@280,,"25,125.00",,,,,,,,,,,,,,,
,249,1/28/26,DAVAO DOCTORS HOSPITAL (CLINICA HILARIO) INC.,LINEN SUBLIMATION FOR BEDSHEET 5000@32; PILLOWCASE 2000@25; FITTED SHEETS 1200@32,232466,"248,400.00",,,,,,,,,,,,,,,
,250,1/28/26,DAVAO DOCTORS HOSPITAL (CLINICA HILARIO) INC.,LINEN SUBLIMTATION BED SHEET 1520@32,243626,"48,640.00",,,,,,,,,,,,,,,
6,251,1/7/26,PAG-IBIG FUND,ASSORTED SIGNAGES,,"135,500.00",,,,,,,,,,,,,,,
,252,1/23/26,FPS TECH PHILIPPINES INC.,PLAQUE VIP CHEERS 13@1200,,"15,600.00",,,,,,,,,,,,,,,
,253,1/28/26,IBEX GLOBAL SOLUTIONS (PHILIPPINES) INC.,FELCRIS 5F PRODUCTION AND HALLWAY BRANDING ABG 1@476711,PO-36-1004436,"426,711.00",,,,,,,,,,,,,,,
,254,1/28/26,IBEX GLOBAL SOLUTIONS (PHILIPPINES) INC.,FELCRIS 5F PRODUCTION AND HALLWAY BRANDING PAL 1@197515,PO-36-1004436,"197,515.00",,,,,,,,,,,,,,,
,255,,UP MINDANAO,"CUSTOMIZED MOUSE PAD 20@80; CUSTOMIZED LINANG KIT (TOTEBAG, NOTEBOOK W BALLPEN) 31@350",,"12,450.00",,,,,,,,,,,,,,,
,256,,,,,,,,,,,,,,,,,,,,
,257,12/23/25,PSA XI,COLLAPSIBLE/FOLDABLE WATER W POUCH BAG 8624@198; WEIGHING SCALE 75@290,SOCD-2025-12-13,"1,729,302.00",,,,,,,,,,,,,,,
,258,1/30/26,DAVAO DOCTORS HOSPITAL (CLINICA HILARIO) INC.,POLO SHIRT HONEYCOMB EMBROID FRONT PRINT BACK 23@550,245948,"12,650.00",,,,,,,,,,,,,,,
,259,1/30/26,DAVAO DOCTORS HOSPITAL (CLINICA HILARIO) INC.,POLO SHIRT FULL SUBLIMATION XS-XL 55@400; 2XL 2@420; 3XL-5XL 3@450,245488,"24,190.00",,,,,,,,,,,,,,,
,260,,NIA,JACKET WINDBREAKER 165@950,MISC-2026-01-010,"156,750.00",,,,,,,,,,,,,,,
,261,2/2/26,DAVAO DOCTORS HOSPITAL (CLINICA HILARIO) INC.,BAR/BUTTON PIN 150@15,246509,"2,250.00",,,,,,,,,,,,,,,
,262,,PHILHEALTH XI,MARKETING COLLATERAL YAKAP POLO SHIRT 248@480; MECHANICAL STANDEE 18@1250,JO-25-12-104,"141,540.00",,,,,,,,,,,,,,,
,263,,NIA DIGOS,USHERING JACKETS 116@950,2026-01-009,"110,200.00",,,,,,,,,,,,,,,
,264,2/3/26,IBEX GLOBAL SOLUTIONS (PHILIPPINES) INC.,HOODIE JACKET 74@900,,"66,600.00",,,,,,,,,,,,,,,
,265,,,,,,,,,,,,,,,,,,,,
,266,8/29/25,IBEX GLOBAL SOLUTIONS (PHILIPPINES) INC.,BASEBALL CAP 15@279.50; UNIQLO POLO 8@1257.50,,"14,252.50",,,,,,,,,,,,,,,
,267,2/5/26,IBEX GLOBAL SOLUTIONS (PHILIPPINES) INC.,CAPEX BUILDOUT 5F WALL BRANDING ABG ,PO-36-1005039,"426,711.00",,,,,,,,,,,,,,,
,268,2/5/26,IBEX GLOBAL SOLUTIONS (PHILIPPINES) INC.,CAPEX BUILDOUT 5F WALL BRANDING PAL,PO-36-1005040,"197,515.00",,,,,,,,,,,,,,,
,269,2/5/26,IBEX GLOBAL SOLUTIONS (PHILIPPINES) INC.,CAPEX BUILDOUT DTV WALL BRANDING 5TH FLOOR DAVAO FELCRIS,PO-36-1004979,"520,840.00",,,,,,,,,,,,,,,
,270,2/5/26,DMSFI,ACRYLIC FRAME W/ ADVERTISING BOLTS A3 SIZE GLOW IN THE DARK EVACUATION PLAN 58@4000,J25-0054,"232,000.00",,,,,,,,,,,,,,,
,271,2/5/26,PHILHEALTH XI,TARP,JO-26-02-006,"4,716.00",,,,,,,,,,,,,,,
,272,2/9/26,DMSFI,NURSING LEGGINGS 20@290,,"5,800.00",,,,,,,,,,,,,,,
,273,2/9/26,DMSFI,A1 SINTRA BOARD SUSTAINABLE GOALS 3@1400,,"4,200.00",,,,,,,,,,,,,,,
,274,2/9/26,DMSFI,LABORATORY SAFETY TARP,,"2,559.00",,,,,,,,,,,,,,,
,275,,UP MINDANAO,CUSTOMIZED CERTIFICATE HOLDER 55@250,2026-02-0067,"13,750.00",,,,,,,,,,,,,,,
,276,2/13/26,IBEX GLOBAL SOLUTIONS (PHILIPPINES) INC.,PUB TARP 6@450,,"2,700.00",,,,,,,,,,,,,,,
,277,1/14/26,DMSFI,LIGHTED ACRYLIC BUILDUP 105000 LESS 5000 (MALIKONGKONG),2500176,"100,000.00",,,,,,,,,,,,,,,
,278,2/16/26,DMSFI,NURSING SERVICE EMERGENCY ROOM DEPT ORG CHART 4X6 1@30000; ER PROCESS FLOW CHART SIZE 4X6 1@30000; ER MISSION VISION AND GOAL 4X6 1@30000,JO# 20260001,"90,000.00",,,,,,,,,,,,,,,
,279,2/16/26,IBEX GLOBAL SOLUTIONS (PHILIPPINES) INC.,PUB TARP 7@450; PLAQUE 3@1100; MAGNET 10@50,,"6,950.00",,,,,,,,,,,,,,,
,280,,CANCELLED,,,,,,,,,,,,,,,,,,
,281,2/19/26,SUTHERLAND GLOBAL SERVICES PHILIPPINES INC.,VARIOUS,,"47,700.00",,,,,,,,,,,,,,,
,282,2/19/26,SUTHERLAND GLOBAL SERVICES PHILIPPINES INC.,VARIOUS,,"65,094.00",,,,,,,,,,,,,,,
,283,2/19/26,SUTHERLAND GLOBAL SERVICES PHILIPPINES INC.,VARIOUS,,"78,500.00",,,,,,,,,,,,,,,
,284,2/23/26,DMSFI,ACCENT POST 4@15000,JO 2500174,"60,000.00",,,,,,,,,,,,,,,
,285,2/12/26,DMSFI,BLOOD LETTING TSHIRT 51@400,,"20,400.00",,,,,,,,,,,,,,,
,286,2/25/26,DMSFI,JACKEET HOODY,,"3,350.00",,,,,,,,,,,,,,,
,287,2/25/26,IBEX GLOBAL SOLUTIONS (PHILIPPINES) INC.,PUB TARP 2@450,,900.00,,,,,,,,,,,,,,,
,288,,BFP XI,EVENT SHIRT FOR RUNNERS 180@495; FIRE PREVENTION TARPAULIN 1@3100,LOG2026-02-018,"92,200.00",,,,,,,,,,,,,,,
,289,2/27/26,"OFFICEPARTNERS 360, INC",BOMBER JACKET W EMBROIDERY OP360 LOGO 8@1000,5792,"8,000.00",,,,,,,,,,,,,,,
,290,,DAVAO PRISON AND PENAL FARM,TSHIRT FOR WOMENS CELEBRATION 372@218,,"81,096.00",,,,,,,,,,,,,,,
,291,2/28/26,IBEX GLOBAL SOLUTIONS (PHILIPPINES) INC.,WELCOME PUB TARP 2@450,,900.00,,,,,,,,,,,,,,,
,292,2/27/26,BANGKO SENTRAL NG PILIPINAS,TARP 1@792,,792.00,,,,,,,,,,,,,,,
,293,3/2/26,DAVAO DOCTORS HOSPITAL (CLINICA HILARIO) INC,TARP,248312,420.00,,,,,,,,,,,,,,,
,294,3/2/26,DAVAO DOCTORS HOSPITAL (CLINICA HILARIO) INC,TARP,248355,480.00,,,,,,,,,,,,,,,
,295,3/2/26,DAVAO DOCTORS HOSPITAL (CLINICA HILARIO) INC,TARP,JO 0096,144.00,,,,,,,,,,,,,,,
,296,3/3/26,PCA XI,"FLAG STAND, WOODEN 12@5000; PODIUM WOODEN 1@13000",2026-01-0005,"73,000.00",,,,,,,,,,,,,,,
,297,,NIA XI,WOMENS MONTH POLO SHIRT W PRINT 125@350,,"43,750.00",,,,,,,,,,,,,,,
,298,,DAVAO DOCTORS HOSPITAL (CLINICA HILARIO) INC,TARP,,480.00,,,,,,,,,,,,,,,
,299,,CANCELLED,,,,,,,,,,,,,,,,,,
,300,3/6/26,DAVAO DOCTORS HOSPITAL (CLINICA HILARIO) INC,POLO SHIRT FOR KIDNEYS MONTH 47@450,248303,"21,150.00",,,,,,,,,,,,,,,
7,301,3/6/26,"OFFICEPARTNERS 360, INC",JACKET WITH OP360 LOGO & EMBROIDERED 19@1000,6014,"19,000.00",,,,,,,,,,,,,,,
,302,3/9/26,PCA XI,POLO SHIRT SUBLIMATION WITH LOGO 237@415,2026-02-0030,"98,355.00",,,,,,,,,,,,,,,
,303,3/10/26,IBEX GLOBAL SOLUTIONS (PHILIPPINES) INC.,POLO SHIRT WITH EMBROIDERY 9@1350,,"12,150.00",,,,,,,,,,,,,,,
,304,3/12/26,DILG XI,FABRICATION OF PLANNER WITH BALLPEN 55@270,2026-03-027,"14,850.00",,,,,,,,,,,,,,,
,305,,BFP XI,SUBLIMATION SHIRT 185@495; LONG TWISTED BALLOON 20@10; TARPAULIN 4FTX8FT 1@760,LOG2026-03-034,"93,030.00",,,,,,,,,,,,,,,
,306,3/17/26,EMB XI,PLAQUE OF RECOGNITION 3@1400; LEIS 10@350; CERTIFICATE FOR PARTICIPANTS 58@50; TOKEN OF APPRECIATION FOR THE SPEAKERS 5@1260,AMTSS-AW2026-03-036,"16,900.00",,,,,,,,,,,,,,,
,307,3/14/26,FPS TECH PHILIPPINES INC.,REMITLY JACKET 1@1200,,"1,200.00",,,,,,,,,,,,,,,
,308,3/17/26,BUREAU OF CUSTOMS,BROCHURE RA 9262 150@70; BROCHURE RA7877 150@70; PRIMER RA11313 BOOKLET 150@250,2026-02-0017,"58,500.00",,,,,,,,,,,,,,,
,309,,PCA XI,CUSTOM PRINT: NOTEBOOK AND BALLPEN WITH LOGO 220@150; ECO BAG WITH LOGO 220@50,2026-03-0036,"44,000.00",,,,,,,,,,,,,,,
,310,,PCA XI,POLO SHIRT HONEYCOMB WITH LOGO EMBROIDERED AND PRINT 220@370,2026-03-0037,"81,400.00",,,,,,,,,,,,,,,
,311,,CANCELLED,,,,,,,,,,,,,,,,,,
,312,,DAVAO DOCTORS HOSPITAL (CLINICA HILARIO) INC.,TARPAULIN 6X6FT 2@432,,864.00,,,,,,,,,,,,,,,
,313,3/6/26,NIA XI,JACKET WITH EMBROID W/ TOTEBAG 50@950; CUSTOMIZED TRAINING KIT 50@450,2026-03-031,"70,000.00",,,,,,,,,,,,,,,
,314,,NIA XI,"SUPPLY, LABOR, AND MATERIALS FOR REHABILITATION OF NEW LIGHTED PRINTED PANAFLEX SIGNAGE OF RIM'S OFFICE",,"12,000.00",,,,,,,,,,,,,,,
,315,3/19/26,EMB XI,DRIFIT POLO SHIRT PURPLE&WHITE COMBINATION BUTTON TYPE POLO SHIRT 2026 WOMEN'S MONTH 165@450,,"74,250.00",,,,,,,,,,,,,,,
,316,,NONVIOLENT PEACEFORCE IN THE PHILIPPINES,MUGS WITH EU AND NP LOGO 600@260,,"156,000.00",,,,,,,,,,,,,,,
,317,,SK BASIAWAN,CORPORATE JACKET WITH EMBROIDERY 11@1200,,"13,200.00",,,,,,,,,,,,,,,
,318,,PSA XI,LOCKABLE DESIGN PLANNER WITH MULTIPLE CARD HOLDER AND PEN 105@250,SOCD-2026-03-06,"26,250.00",,,,,,,,,,,,,,,
,319,,CANCELLED,,,,,,,,,,,,,,,,,,
,320,3/5/26,PHILHEALTH XI,GAD TSHIRT (NWMC 2026 LOGO) 30@480; ESSENTIAL KIT FOR WOMEN 240@250,JO-26-03-010,"74,400.00",,,,,,,,,,,,,,,
,321,3/24/26,IBEX GLOBAL SOLUTIONS (PHILIPPINES) INC.,CERAMIC MUG 55@75; WOI SHIRTS (DRIFIT PINK) 75@280,,"25,125.00",,,,,,,,,,,,,,,
,322,CANCELLED,NAPOLCOM XI,POLO SHIRT HONEYCOMB 50@650,2603014,"32,500.00",,,,,,,,,,,,,,,
,323,,PCA XI,EXECUTIVE JACKET WITH LOGO EMBROIDERED 70@1000,2026-03-0035,"70,000.00",,,,,,,,,,,,,,,
,324,3/25/26,GENCORP INDUSTRIES INC,21 X 2.75 INCHES OUTDOOR STICKER 2@48; 37X2.75 INCHES OUTDOOR STICKER 6@85,JB1034-03-2026-290,606.00,,,,,,,,,,,,,,,
,325,3/25/26,DAVAO DOCTORS HOSPITAL (CLINICA HILARIO) INC.,TARPAULIN 3X4 FT 4@144; STICKER 31X11INCHES 2@170,JO 0151,916.00,,,,,,,,,,,,,,,
,326,3/25/26,DAVAO DOCTORS HOSPITAL (CLINICA HILARIO) INC.,TARPAULIN 16X7 FT 1@1344,JO 0098,"1,344.00",,,,,,,,,,,,,,,
,327,3/25/26,DMSFI,"JACKET NURSING-1, MEDICINE-1 2@650",,"1,300.00",,,,,,,,,,,,,,,
,328,,BFP XI,UNIFORM POLO SHIRT SUBLIMATION 65@645; LONGSLEEVE WITH HOOD 65@948; JOGGING PANTS 65@945; BALL CAP 65@496; BANNER 1@1680,LOG2026-03-038,"198,890.00",,,,,,,,,,,,,,,
,329,,NIA DAVAO ORIENTAL,IA JERSEY (SLEEVELESS) 100@340,MISC-2026-PO03-029,"34,000.00",,,,,,,,,,,,,,,
,330,,PSA DAVAO DEL SUR,89TH ARAW NG DAVAO-PARADA DABAWENYO SHIRTS 52@380,PSADS-PO-26-03-032,"19,760.00",,,,,,,,,,,,,,,
,331,3/27/26,DAVAO DOCTORS HOSPITAL (CLINICA HILARIO) INC.,TSHIRT DRIFIT PINK 52@240,,"12,480.00",,,,,,,,,,,,,,,
,332,3/27/26,FPS TECH PHILIPPINES INC.,HER POTENTIAL WOMEN'S MONTH SHIRT BLUE CORNER POLO SHIRT WITH PRINT 20@480,31026-02,"9,600.00",,,,,,,,,,,,,,,
,333,,PPA DAVAO,POLO SHIRT 185@430,,"79,550.00",,,,,,,,,,,,,,,
,334,3/30/26,IBEX GLOBAL SOLUTIONS (PHILIPPINES) INC.,PUB TARP 3@450,,"1,350.00",,,,,,,,,,,,,,,
,335,4/6/26,DILG XI,BANNER DILG LOGO 4@6000,2026-03-059,"24,000.00",,,,,,,,,,,,,,,
,336,4/6/26,IBEX GLOBAL SOLUTIONS (PHILIPPINES) INC.,PUB TARP 2@450,,900.00,,,,,,,,,,,,,,,
,337,4/8/26,PAG-IBIG FUND,SUPPLY AND DELIVERY OF BIFOLD CARD HOLDER - SOUTHERN AND SOUTHWESTERN MINDANAO OFFICE 3200@135,26-02-109,"432,000.00",,,,,,,,,,,,,,,
,338,4/10/26,SUTHERLAND GLOBAL SERVICES PHILIPPINES INC,VARIOUS ITEMS,,"61,681.00",,,,,,,,,,,,,,,
,339,4/10/26,SUTHERLAND GLOBAL SERVICES PHILIPPINES INC,VARIOUS ITEMS,,"19,005.00",,,,,,,,,,,,,,,
,340,4/10/26,SUTHERLAND GLOBAL SERVICES PHILIPPINES INC,VARIOUS ITEMS,,"76,030.00",,,,,,,,,,,,,,,
,341,4/10/26,SUTHERLAND GLOBAL SERVICES PHILIPPINES INC,VARIOUS ITEMS,,"1,800.00",,,,,,,,,,,,,,,
,342,4/10/26,PHILHEALTH XI,PROXI MARKETING JACKET 45@950,25-12-112,"42,750.00",,,,,,,,,,,,,,,
,343,4/13/26,UP MINDANAO,LINANG KIT 55@350; CUSTOMIZED CERTIFICATE HOLDER 60@250; CUSTOMIZED HAND FAN 15@50; CUSTOMIZED MUG 15@150,2026-04-0235,"37,250.00",,,,,,,,,,,,,,,
,344,4/13/26,FLATWORLD SOLUTIONS (PHILIPPINES) INC.,BATH TOWEL EMBROIDERY ONLY 55@250,,"13,750.00",,,,,,,,,,,,,,,
,345,4/13/26,FLATWORLD SOLUTIONS (PHILIPPINES) INC.,POLO SHIRT NAVY BLUE EMBROIDERED ONLY 14@300,,"4,200.00",,,,,,,,,,,,,,,
,346,4/14/26,IBEX GLOBAL SOLUTIONS (PHILIPPINES) INC.,BASEBALL CAP 15@280; FOLDABLE UMBRELLA 10@250; PRINTED MUG 10@85; PLAIN WHITE SHIRT COTTON 30@230; PLAIN BLACK DRIFIT SHIRT 30@200,,"20,450.00",,,,,,,,,,,,,,,
,347,4/6/26,DMSFI,"REHABILITIATION CLEANING AND REPLACEMENT OF BUSTED LIGHTS (DMSF SCHOOL AND HOSPITAL SIGNAGE) 2@30000; R,C,R OF BUSTED LED LIGHTS AND BROKEN ACRYLIC BUILD UP (D..M...S..F..I.. GATE 1) 1@20000; R,C OF EMERGENCY SIGNAGE GATE 1 1@10000; R,C,R OF BUSTED LED LIGHTS (D..M..S..F..I.. MAIN BUILDING) 1@50000",JO 2500180,"140,000.00",,,,,,,,,,,,,,,
,348,4/6/26,DMSFI,"ADDITIONAL TEXT; SUPPLY FABRICATION AND INSTALLATION OF LIGHTED ACRYLIC BUILDUP SIGNAGE ""ACADEMIC HUB"" & ""EDUCATION DEVELOPMENT OFFICE (EDO)"" 1@35000; LESS 5000",2500241,"30,000.00",,,,,,,,,,,,,,,
,349,4/17/26,PSA XI,UMBRELLA FOR THE APRIL 2026 CONSUMER EXPECTATIONS SURVEY OPERATIONS 22@350,SOCD-2026-04-03,"7,700.00",,,,,,,,,,,,,,,
,350,4/20/26,PSA XI,CUSTOMIZED MUG WITH PRINT 100@150,,,,,,,,,,,,,,,,,
8,351,4/17/26,DAVAO DOCTORS HOSPITAL (CLINICA HILARIO) INC.,TARP 6X6 FT 1@432,251609,432.00,,,,,,,,,,,,,,,
,352,4/17/26,DAVAO DOCTORS HOSPITAL (CLINICA HILARIO) INC.,TARP 41CM X 94CM 3@75,JO 0154,225.00,,,,,,,,,,,,,,,
,353,4/17/26,DAVAO DOCTORS HOSPITAL (CLINICA HILARIO) INC.,TARPAULIN 8X16 FT 1@1536,JO 0153,"1,536.00",,,,,,,,,,,,,,,
,354,4/17/26,DAVAO DOCTORS HOSPITAL (CLINICA HILARIO) INC.,TARPAULIN 2X5FT WITH STANDEE 2@600,JO 0155,"1,200.00",,,,,,,,,,,,,,,
,355,4/17/26,FLATWORLD SOLUTIONS (PHILIPPINES) INC.,BLACK FOLDABLE UMBRELLA 30@250,,"7,500.00",,,,,,,,,,,,,,,
,356,4/20/26,IBEX GLOBAL SOLUTIONS (PHILIPPINES) INC.,BASEBALL CAP 15@280; FOLDABLE UMBRELLA 10@250; PRINTED MUG 10@85; ROYAL BLUE TSHIRT 28@230; ACRYLIC TUMBLER 10@250,,"15,090.00",,,,,,,,,,,,,,,
,357,4/20/26,PAG-IBIG FUND,SUPPLY AND DELIVERY OF ADVOCACY TOKEN FOR NATIONAL WOMEN'S MONTH BIFOLD CARD HOLDER 2300@150,8596,"345,000.00",,,,,,,,,,,,,,,
,358,4/20/26,IBEX GLOBAL SOLUTIONS (PHILIPPINES) INC.,PUB TARP 3@450,,"1,350.00",,,,,,,,,,,,,,,
,359,4/21/26,DAVAO DOCTORS HOSPITAL (CLINICA HILARIO) INC.,LINEN SUBLIMATION,247878,"135,452.00",,,,,,,,,,,,,,,
,360,4/21/26,DAVAO DOCTORS HOSPITAL (CLINICA HILARIO) INC.,LINEN SUBLIMATION FOR WOOLEN BLANKET 360@32,248501,"11,520.00",,,,,,,,,,,,,,,
,361,4/21/26,DAVAO DOCTORS HOSPITAL (CLINICA HILARIO) INC.,LINEN SUBLIMATION FOR BED SHEETS SUITE ROOM 1000@32,248781,"32,000.00",,,,,,,,,,,,,,,
,362,4/22/26,DMSFI,SUPPLY FABRICATION AND INSTALLATION OF ACRYLIC FRAME AND ADVERTISING BOLTS 5FT X 3FT 1@35000; LESS 3000,2500274,"32,000.00",,,,,,,,,,,,,,,
,363,4/22/26,IBEX GLOBAL SOLUTIONS (PHILIPPINES) INC.,PUB TARP 3@450,,"1,350.00",,,,,,,,,,,,,,,
,364,,PPA,POLO SHIRT FOR PMO-DAVAO ANNIVERSARY 12@430,,"5,160.00",,,,,,,,,,,,,,,
,365,4/23/26,MARITIME INDUSTRY AUTHORITY XI,TSHIRT 100@350,2026-0023,"35,000.00",,,,,,,,,,,,,,,
,366,4/25/26,IBEX GLOBAL SOLUTIONS (PHILIPPINES) INC.,SURFBOARD TARP 200X60CM 6@252; 218X60CM 4@288,,"2,664.00",,,,,,,,,,,,,,,
,367,4/27/26,DAVAO DOCTORS HOSPITAL (CLINICA HILARIO) INC.,FULL SUBLIMATION TSHIRT (PATRA DDH) 759@200,251607,"151,800.00",,,,,,,,,,,,,,,
,368,4/27/26,DAVAO DOCTORS HOSPITAL (CLINICA HILARIO) INC.,POLO SHIRT HONEYCOMB MOSS GREEN 24@450,252461,"10,800.00",,,,,,,,,,,,,,,
,369,4/27/26,IBEX GLOBAL SOLUTIONS (PHILIPPINES) INC.,CUSTOMIZED ACRYLIC PLAQUE 7@2100,,"14,700.00",,,,,,,,,,,,,,,
,370,4/27/26,IBEX GLOBAL SOLUTIONS (PHILIPPINES) INC.,REF MAGNET 6@50,,300.00,,,,,,,,,,,,,,,
,371,,DAVAO DOCTORS HOSPITAL (CLINICA HILARIO) INC.,TARPAULIN 2X5FT WORLD HYGIENE DAY 2026 6@120,JO 0156,720.00,,,,,,,,,,,,,,,
,372,,DAVAO DOCTORS HOSPITAL (CLINICA HILARIO) INC.,TARPAULIN BACKDROP 7.75X6.75FT 1@650; TARPAULIN W/ STANDEE 3@600; TARP 2.83X6.25FT 1@225,JO 0157,"2,675.00",,,,,,,,,,,,,,,
,373,4/28/26,EMB XI,TRAINING MATERIALS (CUSTOMIZED TOTEBAG AND NOTEBOOK WITH BALLPENS) 130@620,EIA2026-04-060,"80,600.00",,,,,,,,,,,,,,,
,374,4/27/26,UNION GALVASTEEL CORPORATION,POLO SHIRT 9@500,OC UPL191000019927,"4,500.00",,,,,,,,,,,,,,,
,375,4/20/26,DMSFI,FABRICATION AND SUPPLY OF WOODEN PODIUM/MAZE 2@26000 LESS 2000,JO 2500256,"50,000.00",,,,,,,,,,,,,,,
,376,4/29/26,LISAS TENDER LEAN MEATS,MUGS 30@70,,"2,100.00",,,,,,,,,,,,,,,
,377,,CANCELLED,,,,,,,,,,,,,,,,,,
,378,3/31/26,PAG-IBIG FUND,DRIFIT TSHIRT VIOLET 27@180,,"4,860.00",,,,,,,,,,,,,,,
,379,4/30/26,DAVAO CENTRAL CHEMICAL CORPORATION,POLO SHIRT WHITE LABOR DAY 22@350; POLO SHIRT RED LABOR DAY 41@350,,"22,050.00",,,,,,,,,,,,,,,
,380,,CANCELLED,,,,,,,,,,,,,,,,,,
,381,5/4/26,FLATWORLD SOLUTIONS (PHILIPPINES) INC.,JACKET BLACK WITH PRINT COROPRATE BLACK 55@900,,"49,500.00",,,,,,,,,,,,,,,
,382,5/5/26,BANGKO SENTRAL NG PILIPINAS,VARIOUS SIGNAGE FOR SINTRA BOARD,,"33,715.00",,,,,,,,,,,,,,,
,383,,PHILHEALTH XI,VARIOUS,,,,,,,,,,,,,,,,,
,384,,PHILHEALTH XI,VARIOUS ,JO 25-12-109,"741,912.50",,,,,,,,,,,,,,,
,385,4/6/26,PPA,PMO DAVAO ANNIVERSARY POLO SHIRT 185@430,M501-008141-26,"79,550.00",,,,,,,,,,,,,,,
,386,5/7/26,DAVAO DOCTORS HOSPITAL (CLINICA HILARIO) INC.,TARPAULIN 2X5FT 6@120,JO 0158,720.00,,,,,,,,,,,,,,,
,387,,CANCELLED,,,,,,,,,,,,,,,,,,
,388,5/8/26,FPS TECH PHILIPPINES INC.,INSULATED MUG 30@300; STAR TSHIRT 50@280; STAR JACKET 25@950; STAR MOUSE PAD 35@80,,"49,550.00",,,,,,,,,,,,,,,
,389,5/11/26,DAVAO CONCRETE POLES CORPORATION,POLO SHIRT W/ POCKET 34@565; POLO SHIRT W/O POCKET 17@545,10311,"28,475.00",,,,,,,,,,,,,,,
,390,5/11/26,DA XI,MULTI-USB PORT 30@745; CUSTOMIZED MULTIPURPOSE UTILITY POUCH 453@195,2026-04-001,"110,685.00",,,,,,,,,,,,,,,
,391,5/11/26,DA XI,WINDBREAKER W FULLZIPPER HIDDEN HOOKS ELASTIC CORD 60@1550,2026-04-001,"93,000.00",,,,,,,,,,,,,,,
,392,5/11/26,FLATWORLD SOLUTIONS (PHILIPPINES) INC.,BUTTON PINS - YELLOW BELT 50@20,,"1,000.00",,,,,,,,,,,,,,,
,393,,CANCELLED,IBEX,,,,,,,,,,,,,,,,,
,394,5/12/26,DEPARTMENT OF MIGRANT WORKERS,CALMI ROLLUP BANNER 4@1300,26-04-033,"5,200.00",,,,,,,,,,,,,,,
,395,5/12/26,"OFFICEPARTNERS 360, INC",WHITE COLOR WINDBREAKER JACKET W HSO LOGO AND EMBROID 12@1100,6334,"13,200.00",,,,,,,,,,,,,,,
,396,5/14/26,IBEX GLOBAL SOLUTIONS (PHILIPPINES) INC.,PUB TARP 2@450,,900.00,,,,,,,,,,,,,,,
,397,5/15/26,FPS TECH PHILIPPINES INC.,THRIVE CARDS 50@300,FPS-51126-03,"15,000.00",,,,,,,,,,,,,,,
,398,5/18/26,IBEX GLOBAL SOLUTIONS (PHILIPPINES) INC.,CUSTOMIZED JACKET 26@1000,,"26,000.00",,,,,,,,,,,,,,,
,399,5/19/26,DAVAO DOCTORS HOSPITAL (CLINICA HILARIO) INC.,POLO SHIRT HONEYCOMB CUSTOM COLLAR AND SLEEVE LINING 14@550,252104,"7,700.00",,,,,,,,,,,,,,,
,400,5/19/26,DAVAO DOCTORS HOSPITAL (CLINICA HILARIO) INC.,POLO SHIRT HONEYCOMB CUSTOM COLLAR AND SLEEVE LINING 11@550,252466,"6,050.00",,,,,,,,,,,,,,,
9,401,5/7/2026,IBEX GLOBAL SOLUTIONS (PHILIPPINES) INC.,INSULATED MUG STAINLESS WITH PRINT 18@280,,"5,040.00",,,,,,,,,,,,,,,
,402,,PCA-DRC,PLAQUE TABLE NAME PLATE 1@3000,,"3,000.00",,,,,,,,,,,,,,,
,403,5/12/26,PSA XI,CUSTOMIZED EGG MUG 569@300,SOCD-2026-04-20,"170,700.00",,,,,,,,,,,,,,,
,404,5/13/26,GENCORP INDUSTRIES INC.,6.99CM X 79CM OUTDOOR STICKER 8@115; 6.99CM X 89CM OUTDOOR STICKER 2@130,JB1029-04-2026-463,"1,180.00",,,,,,,,,,,,,,,
,405,5/12/26,JHAYMARTS INDUSTRIES INC.,JHAYMARTS INDUSTRIES UNIFORM 46@580,,"26,680.00",,,,,,,,,,,,,,,
,406,5/14/26,BANGKO SENTRAL NG PILIPINAS,TARP 3X5 1@270,,270.00,,,,,,,,,,,,,,,
,407,,PSA DAVAO REGION,UMBRELLA TOKEN FOR SAMPLE ESTABLISHMENT OF THE 2025 ANNUAL SURVEY OF THE PHILIPPINE BUSINESS AND INDUSTRY 3217@190; UMBRELLA FOR PERSONNEL INVOLVE OF THE 2025 ANNUAL SURVEY OF PHILIPPINE BUSINESS AND INDUSTRY 62@190,SOCD-2026-05-05,"623,010.00",,,,,,,,,,,,,,,
,408,,PHILHEALTH,VARIOUS,,,,,,,,,,,,,,,,,
,409,,PHILHEALTH,VARIOUS,26-04-022,"475,589.17",,,,,,,,,,,,,,,
,410,5/19/26,SUTHERLAND GLOBAL SERVICES PHILIPPINES INC.,VARIOUS,,"41,098.00",,,,,,,,,,,,,,,
,411,5/19/26,SUTHERLAND GLOBAL SERVICES PHILIPPINES INC.,VARIOUS,,"265,751.00",,,,,,,,,,,,,,,
,412,,CANCELLED,,,,,,,,,,,,,,,,,,
,413,,DAVAO DOCTORS HOSPITAL (CLINICAL HILARIO) INC.,TARPAULIN WITH STANDEE 2@600,JO 0159,"1,200.00",,,,,,,,,,,,,,,
,414,,DAVAO DOCTORS HOSPITAL (CLINICAL HILARIO) INC.,TARPAULIN WITH STANDEE 2@600,JO 0160,"1,200.00",,,,,,,,,,,,,,,
,415,5/22/26,IBEX GLOBAL SOLUTIONS (PHILIPPINES) INC.,CUSTOMIZED EGG MUG - FOODPANDA 50@250,,"12,500.00",,,,,,,,,,,,,,,
,416,,CANCELLED,,,,,,,,,,,,,,,,,,
,417,5/26/26,LAPANDAY FOODS CORPORATION,CALLING CARD 6@500,PO250003648,"3,000.00",,,,,,,,,,,,,,,
,418,,PCA XI,PLAQUE OF APPRECIATION 18@1150,2026-05-0089,"20,700.00",,,,,,,,,,,,,,,
,419,5/25/26,DMSFI,"JACKET (XL-2, 2XL-2, M-1) 5@650; JACKET 3XL 1@750",,"4,000.00",,,,,,,,,,,,,,,
,420,5/26/26,LAPANDAY FOODS CORPORATION,CALLING CARD 1@312.50,250003305,312.50,,,,,,,,,,,,,,,
,421,5/26/26,IBEX GLOBAL SOLUTIONS (PHILIPPINES) INC.,EGG TUMBLER 20@280; CAP WITH EMBROID 20@280; BOMBER JACKET BLUE WITH EMBROID 14@950; FOLDABLE UMBRELLA 20@250,,"29,500.00",,,,,,,,,,,,,,,
,422,5/27/26,PAG-IBIG FUND,TARP EASE OF DOING BUSINESS,,280.00,,,,,,,,,,,,,,,
,423,5/27/26,PSA DAVAO REGION,POLO SHIRT FOR THE PERSONNEL INVOLVE IN THE 2025 ANNUAL SURVEY OF THE PHILIPPINE BUSINESS AND INDUSTRY 62@500,SOCD-2026-04-21,"31,000.00",,,,,,,,,,,,,,,
,424,,PSA DAVAO REGION,POLO SHIRT FOR THE PERSONNEL INVOLVE IN 2025 SURVEY OF TOURISM ESTABLISHMENT OF THE PHILIPPINES 35@500,SOCD-2026-04-23,"17,500.00",,,,,,,,,,,,,,,
,425,5/29/26,DAVAO DOCTORS HOSPITAL (CLINICAL HILARIO) INC.,CANCER SURVIVOR TSHIRT WHITE 100@230,254071,"23,000.00",,,,,,,,,,,,,,,
,426,5/29/26,PAG-IBIG FUND,TARPAULIN PULL UP BANNER 1@350,SM26093,"1,350.00",,,,,,,,,,,,,,,
,427,6/1/26,IBEX GLOBAL SOLUTIONS (PHILIPPINES) INC.,FOODPANDA IBEX ITEMS CREWNECK BOMBER 15@1000; INSULATED TUMBLER 600 ML 100@350; EGG TUMBLER 70@280; TOTE BAG 50@250; COTTON TSHIRT 160@250; HONEYCOMB POLO SHIRT 80@500; FOLDABLE UMBRELLA 50@250; CAP WITH EMBROID LOGO 50@250,,"187,100.00",,,,,,,,,,,,,,,
,428,5/11/26,IBEX GLOBAL SOLUTIONS (PHILIPPINES) INC.,POLO SHIRT W/ EMBROID UNIQLO 14@1380,,"19,320.00",,,,,,,,,,,,,,,
,429,,PCA XI,CUSTOMIZED PRINTED POLO SHIRT (SUBLIMATION) 110@450;CUSTOMIZED VEST WITH PCA AND CFIDP LOGO 35@1490,2026-05-0087,"101,650.00",,,,,,,,,,,,,,,
,430,,PCA XI,CUSTOMIZED PRINTED POLO SHIRT (SUBLIMATION) 12@450,,"5,400.00",,,,,,,,,,,,,,,
,431,,,,,,,,,,,,,,,,,,,,
,432,6/3/26,IBEX GLOBAL SOLUTIONS (PHILIPPINES) INC.,INSULATED TUMBLER 600 ML 30@350; EGG TUMBLER 30@280; TOTE BAG 15@250; CREWNECK BOMBER 13@1000; HONEYCOMB POLO SHIRT 30@500,,"50,650.00",,,,,,,,,,,,,,,
,433,6/4/26,DAVAO DOCTORS HOSPITAL (CLINICA HILARIO) INC.,TARPAULIN 5X3 FT 1@180; TARP 2X5 W/ STANDEE 2@600,254721,"1,380.00",,,,,,,,,,,,,,,
,434,,,,,,,,,,,,,,,,,,,,
,435,6/4/26,DAVAO CONCRETE POLES CORPORATION,TSHIRT LONGSLEEVE 122@190; TSHIRT SHORT SLEEVE 8@200,,"24,780.00",,,,,,,,,,,,,,,
,436,6/5/26,IBEX GLOBAL SOLUTIONS (PHILIPPINES) INC.,TARP VAN 1@350; TARP HOT AIR BALLOON 1@510; WRISTBAND 150@40,,"6,860.00",,,,,,,,,,,,,,,
,437,6/6/26,FPS TECH PHILIPPINES INC.,TARP 3X3FT 1@162,,162.00,,,,,,,,,,,,,,,
,438,6/8/26,DAVAO DOCTORS HOSPITAL (CLINICA HILARIO) INC.,BARPINS FOR NATIONAL KIDNEY MONTH 200@15,254576,"3,000.00",,,,,,,,,,,,,,,
,439,,CANCELLED,,,,,,,,,,,,,,,,,,
,440,,CANCELLED,,,,,,,,,,,,,,,,,,
,441,6/9/26,IBEX GLOBAL SOLUTIONS (PHILIPPINES) INC.,HOT AIR BALLOON 1@810; VAN 1@1080; PUB WELCOME BANNER 8@450; MAGNET 8@50,,"5,890.00",,,,,,,,,,,,,,,
,442,6/10/26,PSA XI,WATER BOTTLE/TUMBLER FOR THE 2026 ULAF 61!175,SOCD-2026-05-15,"10,675.00",,,,,,,,,,,,,,,
,443,6/10/26,PSA XI,RAINBOOTS FOR 2026 ULAF 51@370,SOCD-2026-05-14,"18,870.00",,,,,,,,,,,,,,,
,444,6/10/26,PSA XI,POLO SHIRT FOR 2026 ULAF DRIFIT DESIGN 1 61@390; DESIGN 2 101!400,SOCD-2026-05-12,"64,190.00",,,,,,,,,,,,,,,
,445,6/10/26,PSA XI,KITS FOR THE 2026 ULAF CUSTOMIZED ID LANYARD W/ ID JACKET 61@100; BALLPEN 85@15; NOTEBOOK 61@60,SOCD-2026-05-16,"11,035.00",,,,,,,,,,,,,,,
,446,,CANCELLED,,,,,,,,,,,,,,,,,,
,447,6/10/2026,IBEX GLOBAL SOLUTIONS (PHILIPPINES) INC.,JACKET SWEATER UNIQLO UNITED HEALTHCARE 3@1900,,"5,700.00",,,,,,,,,,,,,,,
,448,6/10/26,IBEX GLOBAL SOLUTIONS (PHILIPPINES) INC.,PURPLE&PROUD JACKET W/ EMBROID FRONT AND BACK 4@1000; POUCH 11@300; TUMBLER 11@300,,"10,600.00",,,,,,,,,,,,,,,
,449,,PCA XI,CUSTOMIZED PRINTED POLO SHIRT 10@450; CUSTOMIZED VEST WITH PCA AND CFIDP LOGO 2@1490,,"7,480.00",,,,,,,,,,,,,,,
,450,6/22/26,PCA XI,MUGS FATHERS DAY 100@70,255133,"7,000.00",,,,,,,,,,,,,,,
10,451,,,,,,,,,,,,,,,,,,,,
,452,5/19/26,DMSFI,"ACRYLIC DOOR SIGNAGE WITH ACRYLIC CUTOUT ""DOOR SIGN"" 37@2200; LAMINATED STICKER ON SINTRA BOARD SIGNAGE ""DOOR SIGN"" 12@500",JO 2500121,"87,400.00",,,,,,,,,,,,,,,
,453,5/19/26,DMSFI,"FABRICATION, SUPPLY, AND INSTALLATION OF DOOR SIGN WITH CUTOUT ACRYLIC AND ADVERTISING BOLTS 9@2500; EVACUATION PLAN 9@1000; LESS 1500",JO 2500245,"30,000.00",,,,,,,,,,,,,,,
,454,5/19/26,DMSFI,FROSTED STICKER ON MAIN GLASS DOOR (MAIN BUILDING) 3@3500 LESS 1000,JO 2500281,"9,500.00",,,,,,,,,,,,,,,
,455,5/8/26,IBEX GLOBAL SOLUTIONS (PHILIPPINES) INC.,MUG DAVAO FACILITIES MANAGEMENT 1@280,,280.00,,,,,,,,,,,,,,,
,456,5/19/26,FLATWORLD SOLUTIONS (PHILIPPINES) INC.,CUSTOMIZED JOURNALS 20@210,,"4,200.00",,,,,,,,,,,,,,,
,457,5/20/26,DAVAO DOCTORS HOSPITAL (CLINICA HILARIO) INC.,INSULATED MUG WITH PRINT 15@240,253686,"3,600.00",,,,,,,,,,,,,,,
,458,5/21/26,PSA DAVAO REGION,UMBRELLA AS TOKEN FOR THE ADDITIONAL QUARTERLY SURVEY OF PHILIPPINE BUSINESS AND INDUSTRY 420@190,SOCD-2026-05-06,"79,800.00",,,,,,,,,,,,,,,
,459,6/16/26,PSA XI,UMBRELLA FOR 2026 ULAF FIELD OPERATIONS 61@280,SOCD-2026-05-13,"17,080.00",,,,,,,,,,,,,,,
,460,6/12/26,IBEX GLOBAL SOLUTIONS (PHILIPPINES) INC.,EGG TUMBLER 4@280; ACRYLIC TUMBLER 4@280; FOLDABLE UMBRELLA 4@280; BOMBER JACKET 12@1000,,"15,360.00",,,,,,,,,,,,,,,
,461,6/12/26,IBEX GLOBAL SOLUTIONS (PHILIPPINES) INC.,SASH 20@150,,"3,000.00",,,,,,,,,,,,,,,
,462,,CANCELLED,,,,,,,,,,,,,,,,,,
,463,6/12/26,IBEX GLOBAL SOLUTIONS (PHILIPPINES) INC.,POLO SHIRT UNIQLO W/ EMBROID 37@1400,,"51,800.00",,,,,,,,,,,,,,,
,464,6/15/26,SUTHERLAND GLOBAL SERVICES PHILIPPINES INC.,VARIOUS,,"7,980.00",,,,,,,,,,,,,,,
,465,6/15/26,SUTHERLAND GLOBAL SERVICES PHILIPPINES INC.,VARIOUS,,"39,800.00",,,,,,,,,,,,,,,
,466,6/10/26,IBEX GLOBAL SOLUTIONS (PHILIPPINES) INC.,MUG W/ PRINT 105@85,,"8,925.00",,,,,,,,,,,,,,,
,467,6/10/26,IBEX GLOBAL SOLUTIONS (PHILIPPINES) INC.,MUG W/ PRINT FATHERS DAY 45@85,,"3,825.00",,,,,,,,,,,,,,,
,468,,CANCELLED,,,,,,,,,,,,,,,,,,
,469,6/15/26,DAVAO DOCTORS HOSPITAL (CLINICA HILARIO) INC.,LINEN SUBLIMATION FOR PATIENT GOWN 100@25; WOOLEN BLANKET 1000@32,255171,"34,500.00",,,,,,,,,,,,,,,
,470,6/15/26,DAVAO DOCTORS HOSPITAL (CLINICA HILARIO) INC.,LINEN SUBLIMATION FOR PATIENT GOWN 400@25; FITTED SHEETS 120@32; PATIENT GOWN 100@25; WOOLEN BLANKET 1000@32; BED SHEET 1000@32,252578,"80,340.00",,,,,,,,,,,,,,,
,471,6/16/26,DAVAO CONCRETE POLES CORPORATION,SIGNAGE CCTV 2@300,10444,600.00,,,,,,,,,,,,,,,
,472,6/16/26,DAVAO CONCRETE POLES CORPORATION,POLO SHIRT W/O POCKET LADIES CUT 2@545,10420,"1,090.00",,,,,,,,,,,,,,,
,473,6/10/26,IBEX GLOBAL SOLUTIONS (PHILIPPINES) INC.,MUG W/ PRINT - FATHERS DAY 45@80,,"3,600.00",,,,,,,,,,,,,,,
,474,6/10/26,IBEX GLOBAL SOLUTIONS (PHILIPPINES) INC.,MUG W/ PRINT 105@80,,"8,400.00",,,,,,,,,,,,,,,
,475,6/15/26,DAVAO DOCTORS HOSPITAL (CLINICA HILARIO) INC.,LINEN SUBLIMATION FOR FITTED SHEETS 1400@32,232466,"44,800.00",,,,,,,,,,,,,,,
,476,6/18/26,IBEX GLOBAL SOLUTIONS (PHILIPPINES) INC.,PRIME MERCH 616@634,PO-36-1006121,"390,544.00",,,,,,,,,,,,,,,
,477,,UP MINDANAO,CUSTOMIZED CERTIFICATE HOLDER 60@250; CUSTOMIZED LINANG KIT 60@350; CUSTOMIZED MOUSE PAD 15@80; CUSTOMIZED MUG 15@150,2026-06-0455,"39,450.00",,,,,,,,,,,,,,,
,478,6/12/26,IBEX GLOBAL SOLUTIONS (PHILIPPINES) INC.,POLO SHIRT W/ EMBROIDERY FRONT AND BACK 18@1000,,"18,000.00",,,,,,,,,,,,,,,
,479,,DAVAO DOCTORS HOSPITAL (CLINICA HILARIO) INC.,PATIENT DIGITAL PORTAL TARP,JO 0163,"1,320.00",,,,,,,,,,,,,,,
,480,,DAVAO DOCTORS HOSPITAL (CLINICA HILARIO) INC.,TARP,JO 0165,120.00,,,,,,,,,,,,,,,
,481,6/23/26,IBEX GLOBAL SOLUTIONS (PHILIPPINES) INC.,PRIME MERCH 521@616,,"320,936.00",,,,,,,,,,,,,,,
,482,6/23/26,IBEX GLOBAL SOLUTIONS (PHILIPPINES) INC.,PRIME MERCH 113@616,,"69,608.00",,,,,,,,,,,,,,,
,483,6/23/26,KENRAM PALM OIL INDUSTRIES INC.,POLO SHIRT HONEYCOMB W/ REFLECTOR 440@625,,"275,000.00",,,,,,,,,,,,,,,
,484,,NIA XI,TSHIRT W/ PRINT 125@250,JO-2026-06-078,"31,250.00",,,,,,,,,,,,,,,
,485,,NIA XI,POLO SHIRT W/ EMBROIDERY 125@400,JO-2026-06-073,"50,000.00",,,,,,,,,,,,,,,
,486,6/29/26,DMSFI,JACKET HOODY (S-2XL) 23@650; 3XL 2@750,,"16,450.00",,,,,,,,,,,,,,,
,487,6/30/26,NIA (DAVAO ORIENTAL),SUBLIMATED TSHIRT 96@420,MISC-2026-PO06-085,"40,320.00",,,,,,,,,,,,,,,
,488,6/30/26,NIA (DAVAO ORIENTAL),POLO SHIRT FOR NIA DAY 96@450,MISC-2026-PO06-081,"43,200.00",,,,,,,,,,,,,,,
,489,,DA XI,"POLO SHIRT CUSTOMIZED (SIDLAN RETOOLING 30PCS, PRDP RPCO XI MIDYEAR ASSESSMENT 65PCS) 95@650",2026-04-001,"61,750.00",,,,,,,,,,,,,,,
,490,,IBEX GLOBAL SOLUTIONS (PHILIPPINES) INC.,CANCELLED,,,,,,,,,,,,,,,,,
,491,07/07/26,IBEX GLOBAL SOLUTIONS (PHILIPPINES) INC.,PUB TARP 6@450,,"2,700.00",,,,,,,,,,,,,,,
,492,,,,,,,,,,,,,,,,,,,,
,493,,,,,,,,,,,,,,,,,,,,
,494,,,,,,,,,,,,,,,,,,,,
,495,,,,,,,,,,,,,,,,,,,,
,496,,,,,,,,,,,,,,,,,,,,
,497,,,,,,,,,,,,,,,,,,,,
,498,,,,,,,,,,,,,,,,,,,,
,499,,,,,,,,,,,,,,,,,,,,
,500,,,,,,,,,,,,,,,,,,,,
11,501,6/23/26,USEP,UNISEX CORPORATE JACKET NAVY BLUE (7 PCS) 1@8400,2026-05-0342,"8,400.00",,,,,,,,,,,,,,,
,502,6/24/26,FPS TECH PHILIPPINES INC.,REMITLY JACKET 1@1200,,"1,200.00",,,,,,,,,,,,,,,
,503,6/26/26,LAPANDAY FOODS CORPORATION,CALLING CARD 1@500,PO250003794,500.00,,,,,,,,,,,,,,,
,504,6/30/26,DAVAO DOCTORS HOSPITAL (CLINICA HILARIO) INC.,TARP,256115,"1,008.00",,,,,,,,,,,,,,,
,505,6/30/26,DAVAO DOCTORS HOSPITAL (CLINICA HILARIO) INC.,TARP,JO 0166,384.00,,,,,,,,,,,,,,,
,506,6/30/26,DAVAO DOCTORS HOSPITAL (CLINICA HILARIO) INC.,TARP,JO 0167,"1,200.00",,,,,,,,,,,,,,,
,507,6/30/26,DAVAO DOCTORS HOSPITAL (CLINICA HILARIO) INC.,TARP,JO 0168,"1,200.00",,,,,,,,,,,,,,,
,508,,NIA DAVAO DE ORO,TSHIRT W/ PRINT 110@220,MISC-2026-1058,"24,200.00",,,,,,,,,,,,,,,
,509,7/2/26,PSA XI,POLO SHIRT FOR PERSONNEL INVOLVED IN THE JULY 2026 LABOR FORCE SURVEY AND 2026 ANNUAL POVERTY INDICATOR SURVEY 120@400,SOCD-2026-06-09,"48,000.00",,,,,,,,,,,,,,,
,510,,,,,,,,,,,,,,,,,,,,
,511,,,,,,,,,,,,,,,,,,,,
,512,,,,,,,,,,,,,,,,,,,,
,513,,,,,,,,,,,,,,,,,,,,
,514,,,,,,,,,,,,,,,,,,,,
,515,7/18/2026,,,,,,,,,,,,,,,,,,,
,516,,,,,,,,,,,,,,,,,,,,
,517,,,,,,,,,,,,,,,,,,,,
,518,,,,,,,,,,,,,,,,,,,,
,519,,,,,,,,,,,,,,,,,,,,
,520,,,,,,,,,,,,,,,,,,,,
,521,,,,,,,,,,,,,,,,,,,,
,522,,,,,,,,,,,,,,,,,,,,
,523,,,,,,,,,,,,,,,,,,,,
,524,,,,,,,,,,,,,,,,,,,,
,525,,,,,,,,,,,,,,,,,,,,
,526,,,,,,,,,,,,,,,,,,,,
,527,,,,,,,,,,,,,,,,,,,,
,528,,,,,,,,,,,,,,,,,,,,
,529,,,,,,,,,,,,,,,,,,,,
,530,,,,,,,,,,,,,,,,,,,,
,531,,,,,,,,,,,,,,,,,,,,
,532,,,,,,,,,,,,,,,,,,,,
,533,,,,,,,,,,,,,,,,,,,,
,534,,,,,,,,,,,,,,,,,,,,
,535,,,,,,,,,,,,,,,,,,,,
,536,,,,,,,,,,,,,,,,,,,,
,537,,,,,,,,,,,,,,,,,,,,
,538,,,,,,,,,,,,,,,,,,,,
,539,,,,,,,,,,,,,,,,,,,,
,540,,,,,,,,,,,,,,,,,,,,
,541,,,,,,,,,,,,,,,,,,,,
,542,,,,,,,,,,,,,,,,,,,,
,543,,,,,,,,,,,,,,,,,,,,
,544,,,,,,,,,,,,,,,,,,,,
,545,,,,,,,,,,,,,,,,,,,,
,546,,,,,,,,,,,,,,,,,,,,
,547,,,,,,,,,,,,,,,,,,,,
,548,,,,,,,,,,,,,,,,,,,,
,549,,,,,,,,,,,,,,,,,,,,
,550,,,,,,,,,,,,,,,,,,,,
,551,,,,,,,,,,,,,,,,,,,,
,552,,,,,,,,,,,,,,,,,,,,
,553,,,,,,,,,,,,,,,,,,,,
,554,,,,,,,,,,,,,,,,,,,,
,555,,,,,,,,,,,,,,,,,,,,
,556,,,,,,,,,,,,,,,,,,,,
,557,,,,,,,,,,,,,,,,,,,,
,558,,,,,,,,,,,,,,,,,,,,
,559,,,,,,,,,,,,,,,,,,,,
,560,,,,,,,,,,,,,,,,,,,,
,561,,,,,,,,,,,,,,,,,,,,
,562,,,,,,,,,,,,,,,,,,,,
,563,,,,,,,,,,,,,,,,,,,,
,564,,,,,,,,,,,,,,,,,,,,
,565,,,,,,,,,,,,,,,,,,,,
,566,,,,,,,,,,,,,,,,,,,,
,567,,,,,,,,,,,,,,,,,,,,
,568,,,,,,,,,,,,,,,,,,,,
,569,,,,,,,,,,,,,,,,,,,,
,570,,,,,,,,,,,,,,,,,,,,
,571,,,,,,,,,,,,,,,,,,,,
,572,,,,,,,,,,,,,,,,,,,,
,573,,,,,,,,,,,,,,,,,,,,