YEAR,BOOKLET NO.,OR NO,DATE,RECEIVED FROM,TIN NO,AMOUNT,ITEM,REMARKS
2025,24,3651,8/7/2025,SIRI TULIN PHILIPPINES,,"1,500.00",PRINT CARD,
,,3652,8/7/2025,PAMONRIC,,"8,500.00",POLO SHIRT,
,,3653,8/11/2025,GRACE CAMAGANACAN,,"1,000.00",TARP FOR ROLL UP BANNER,
,,3654,8/11/2025,ATENEO DE DAVAO UNIVERSITY,001-921-709-000,"29,160.00",BATCH2 54PCS POLO SHIRTS,
,,3655,8/11/2025,ATENEO DE DAVAO UNIVERSITY,001-921-709-000,"5,265.00",ID PAYMENT,
,,3656,8/14/2025,BOLTZ MANN TRADING,,"17,500.00",STICKER,
,,3657,,,,,,
,,3658,8/20/2025,NIA EASP,,"2,500.00",POLO SHIRTS,
,,3659,8/25/2025,SOUTH PACIFIC DAVAO COUNTRY CLUB INC.,,"6,600.00",12PCS UNIFORM FOR JL TOUR PLAYERS DAVAO LEG,
,,3660,8/25/2025,RANCHO PALOS VERDES GOLF AND SPORTS CLUB,,"4,000.00",POLO SHIRTS,FOR SOUTH PACIFIC COUNTRY CLUB
,,3661,8/26/2025,DILG DAVAO REGION,,720.00,TARP 8X5,
,,3662,8/27/2025,GLOBAL STAFF NETWORK,,"3,000.00",POLO SHIRT 60PCS PRINT ONLY,
,,3663,8/27/2025,IBEX GLOBAL SOLUTIONS (PHILIPPINES) INC.,008-028-126-00009,"3,600.00",PUB DIRECTV,
,,3664,8/27/2025,IBEX GLOBAL SOLUTIONS (PHILIPPINES) INC.,008-028-126-00009,900.00,PHS PUB,
,,3665,8/27/2025,CONNEXT INTERNATIONAL INC.,607-620-291-000,"1,315.00","PRINT (MUGS, PINS, KEYCHAIN)",
,,3666,8/28/2025,KIDSWAY SCHOOL,,"18,320.00",SHIRT W/ PRINT,
,,3667,8/28/2025,ILGAD,,"4,500.00",EMBROID,
,,3668,8/30/2025,UPSTART RECRUITMENT SERVICES INC.,,380.00,POLO SHIRT,
,,3669,,CANCELLED,,,,
,,3670,8/30/2025,GENDIESEL PHIL. INC.,,380.00,POLO SHIRT,
,,3671,8/30/2025,PERFECT MILLING CORPORATION,,380.00,POLO SHIRT,
,,3672,8/30/2025,YINGOLD PLASTIC MANUFACTURING,,380.00,POLO SHIRT,
,,3673,8/30/2025,DAVAO FIBERBOARD PACKAGING PLANT INC.,,380.00,POLO SHIRT,
,,3674,8/30/2025,KMDT OFFICE SUPPORT SERVICES,,380.00,POLO SHIRT,
,,3675,8/30/2025,YINGOLD PLASTIC MANUFACTURING,,380.00,POLO SHIRT,
,,3676,8/30/2025,UPSTART RECRUITMENT SERVICES INC.,,380.00,POLO SHIRT,
,,3677,8/30/2025,ACF BUS LINE,,380.00,POLO SHIRT,
,,3678,8/30/2025,PERFECT MILLING CORPORATION,,380.00,POLO SHIRT,
,,3679,8/30/2025,D JAPANESE TUNNEL FAMILY RESORT & RESTAURANT,,380.00,POLO SHIRT,
,,3680,8/30/2025,DAVAO FRESH FOODS CORPORATION,,380.00,POLO SHIRT,
,,3681,8/30/2025,IST MOVERS TRANSPORT COMPANY,,760.00,POLO SHIRT,
,,3682,8/30/2025,KMDT OFFICE SUPPORT SERVICES,,400.00,POLO SHIRT,
,,3683,8/30/2025,DAVAO FRESH FOODS CORPORATION,,400.00,POLO SHIRT,
,,3684,8/30/2025,UNIFIED EMPLOYEES MULTIPURPOSE COOPERATIVE,,760.00,POLO SHIRT,
,,3685,8/30/2025,FTLP,,"1,620.00",POLO SHIRT WITH EMBROID,
,,3686,9/2/2025,IBEX GLOBAL SOLUTIONS (PHILIPPINES) INC.,008-028-126-00009,900.00,BANNER/TARP,
,,3687,9/3/2025,WINDER RECYCLING COMPANY,,"9,000.00",LONGSLEEVE PRINT ONLY,
,,3688,9/3/2025,PAG-IBIG FUND,,796.00,TARP,
,,3689,9/4/2025,INSTATECH INC.,006-039-496-000,"17,393.30",INSTATECH UNIFORM,DR 3784 07/23/2025
,,3690,9/4/2025,JRMT RESOURCES CORPORATION,281-968-892-000,"17,595.90",STICKER,"DR 3908, TAX 359.10"
,,3691,8/30/2025,LDL REALTY ESTATE CORPORATION,,380.00,POLO SHIRT,
,,3692,8/30/2025,LDL REALTY ESTATE CORPORATION,,380.00,POLO SHIRT,
,,3693,9/5/2025,SPC SALIGAN SSCC,000-263-710-000,"2,510.00",TSHIRT W/ PRINT,
,,3694,9/5/2025,ATENEO DE DAVAO UNIVERSITY,,"31,500.00",POLO SHIRT WITH EMBROID,ASEC
,,3695,9/6/2025,BRGY. CABANTIAN,,"1,600.00",MUGS,
,,3696,9/8/2025,PAG-IBIG FUND,,800.00,STICKER ON SINTRABOARD,EMELINDA Q. GLEMAO
,,3697,9/8/2025,USEP COOPERATIVE,,"13,800.00",PE SHIRT,
,,3698,9/10/2025,BLOOM BORACAY,,"1,400.00",PRINT ONLY,
,,3699,9/10/2025,GILIE GULANES,,200.00,1 SET OF ID,
,,3700,9/10/2025,JOAN GUALDAGUILAR,,200.00,1 SET OF ID,
2025,25,3701,9/8/2025,ATENEO DE DAVAO UNIVERSITY,001-921-709-000,"12,553.20",POLO SHIRTS,
,,3702,9/9/2025,SONIC SALES AND DISTRIBUTION INC.,222-706-670-000,"55,950.65",UNIFORM 2025,
,,3703,9/9/2025,UNIVERSAL JANITORIAL AND ALLIED SERVICES,,"28,600.00",POLO SHIRT SUBLI,
,,3704,9/9/2025,DMSFI,,268.00,TARP,
,,3705,9/10/2025,DAVAO COMMERCIAL INDUSTRIES,,"2,160.00",TARP,
,,3706,9/10/2025,"KISAN LU LANDS & DEVELOPMENT, INC.",,"15,120.00",ROYAL BLUE SHIRTS,
,,3707,9/10/2025,"KISAN LU LANDS & DEVELOPMENT, INC.",,"26,250.00",AMIYA LONG SLEEVE FREE SIZE,
,,3708,9/11/2025,DVFP,,"1,250.00",PRINT ON JACKET / PPA,
,,3709,9/11/2025,ATENEO DE DAVAO UNIVERSITY,001-921-709-000,200.00,EMBROIDERY,
,,3710,9/12/2025,"FRANKLIN BAKER, INCORPORATED",008-707-981-000,760.00,POLO SHIRT,
,,3711,9/12/2025,IFE ELEVATOR PHILIPPINES INC.,008-373-776-002,"1,520.00",POLO SHIRT,
,,3712,9/12/2025,"MMJS BUILDERS, INC.",777-814-905-000,760.00,POLO SHIRT,
,,3713,9/12/2025,W&I WELDING INSTALLATION & SERVICES,,380.00,POLO SHIRT,
,,3714,9/12/2025,PSA XI,,"17,850.00",SHIRTS AND LEI,
,,3715,9/12/2025,AMESCO DRUG CORPORATION,,480.00,TARP,
,,3716,9/15/2025,USEP COOPERATIVE,,"38,400.00",PE SHIRT,CHECK 2000003291
,,3717,9/15/2025,ATENEO DE DAVAO UNIVERSITY,,"24,815.00",POLO SHIRT WITH EMBROID,JO 11969
,,3718,9/15/2025,IBEX GLOBAL SOLUTIONS (PHILIPPINES) INC.,008-028-126-00009,500.00,RIBBON,
,,3719,9/15/2025,IBEX GLOBAL SOLUTIONS (PHILIPPINES) INC.,008-028-126-00009,"2,350.00",VARIOUS ITEM,
,,3720,9/16/2025,ATENEO DE DAVAO UNIVERSITY,001-921-709-000,"1,080.00",POLO SHIRT W/ PRINT,
,,3721,9/16/2025,IBEX GLOBAL SOLUTIONS (PHILIPPINES) INC.,008-028-126-00009,300.00,PRINT ONLY,
,,3722,,CANCELLED,,,,
,,3723,9/17/2025,HAP HEE FOODS SEVEN O THREE,660-605-631-000,"1,200.00","CALLING CARD, FLYERS",
,,3724,9/17/2025,AMESCO DRUG CORPORATION,,"1,800.00",SINTRA BOARD,
,,3725,9/17/2025,USEP COOPERATIVE,,"10,950.00",PE SHIRT,CHECK 2000003301
,,3726,9/12/2025,DILG,,270.00,TARP,
,,3727,9/17/2025,BORROMEO INSURANCE AGENCY INC.,,"2,550.00",LANYARD,
,,3728,9/17/2025,AMESCO DRUG CORPORATION,,576.00,TARP,
,,3729,,CANCELLED,,,,
,,3730,9/18/2025,UP MINDANAO,,120.00,ID CASE,
,,3731,9/19/2025,ATENEO DE DAVAO UNIVERSITY,001-921-709-000,"10,731.60",PINS AND SHIRTS,
,,3732,9/19/2025,ATENEO DE DAVAO UNIVERSITY,001-921-709-000,421.40,POLO SHIRT,
,,3733,9/19/2025,"MENO GAIA CO., LTD",006-380-261-000,"1,400.00",TSHIRT,
,,3734,9/19/2025,"MENO GAIA CO., LTD",006-380-261-000,200.00,TSHIRT,
,,3735,9/19/2025,MARINA XI,,"14,820.00",SUBLI TSHIRT MARITIME WEEK,
,,3736,9/5/2025,JMC COLLEGE OF MEDICINE,,"3,150.00",POLO SHIRT W/ EMBROIDERY,
,,3737,9/19/2025,UIC-CMBS,,"43,200.00",JACKETS,
,,3738,9/20/2025,BROKENSHIRE COLLEGE,000-260-758,"3,000.00",TSHIRT PRINTING,
,,3739,9/20/2025,IBEX GLOBAL SOLUTIONS (PHILIPPINES) INC.,008-028-126-00009,300.00,PRINT,
,,3740,9/20/2025,IBEX GLOBAL SOLUTIONS (PHILIPPINES) INC.,008-028-126-00009,"1,800.00",4 PCS PUB THE DIRECTV ELITE,
,,3741,9/20/2025,VICTORY DAVAO,,"3,800.00",POLO SHIRT,
,,3742,9/22/2025,BSP MRO,,"6,480.00",30PCS A4 TABLE SIGNAGE; 1PC SINTRA BOARD WALL SIGNAGE,
,,3743,9/22/2025,NILDA LINDO,,"2,600.00",TARP W/ XSTAND,
,,3744,9/22/2025,LHIE MAURENE DUCUSIN,,"7,200.00",POLO SHIRTS,
,,3745,9/22/2025,GMALL,,"14,300.00",POLO SHIRT 26 PCS,
,,3746,,CANCELLED,,,,
,,3747,9/23/2025,IBEX GLOBAL SOLUTIONS (PHILIPPINES) INC.,008-028-126-00009,600.00,MAGNET,
,,3748,9/24/2025,DAVAO COMMERCIAL INDUSTRIES INC,,275.00,TARP,
,,3749,9/24/2025,ATENEO DE DAVAO UNIVERSITY,001-921-709-000,"5,600.00",POLO SHIRT,
,,3750,9/24/2025,DMSFI,,"1,330.00",TARP,
,26,3751,9/25/2025,RANCHO PALOS VERDES GOLF AND SPORTS CLUB,005-813-892-000,"5,900.00",POLO SHIRT FOR GOLF,
,,3752,9/25/2025,JUNIE CONSTANTINOLA,,"1,100.00",POLO SHIRT SUBLI,
,,3753,9/25/2025,SOUTH PACIFIC DAVAO COUNTRY CLUB INC.,010-359-404-000,"6,600.00",POLO SHIRT,
,,3754,9/25/2025,JOTEL INN,,"6,840.00",POLO SHIRT,
,,3755,9/25/2025,DMSFI,,840.00,TARP,
,,3756,9/25/2025,IBEX GLOBAL SOLUTIONS (PHILIPPINES) INC.,008-028-126-00009,300.00,PRINT ONLY ABACA BAG,
,,3757,9/25/2025,PSA DAVAO DEL SUR,,"6,400.00",16PCS PHOTOPAPER,
,,3758,9/26/2025,BOLTZMANN TRADING,,"77,000.00",PRINT RAINCOAT & PANTS,
,,3759,9/26/2025,USEP COOPERATIVE,,"17,400.00",PE SHIRT,CHECK 2000003307
,,3760,9/26/2025,LAWIG-DIWA INC.,,"29,850.00",ADVERTISING,
,,3761,9/27/2025,BRGY. CABANTIAN,,"15,300.00",POLO SHIRT BLACK,
,,3762,9/29/2025,EMELINDA Q. GLEMAO,,595.00,TARP 8X5,
,,3763,9/29/2025,SILANGAN MULTIPURPOSE COOPERATIVE,000-263-777-000,"5,946.43",BANNER W/ TASSEL,
,,3764,9/29/2025,COMFAC CORPORATION,000-052-623-007,"27,280.00",POLO SHIRT,JO 11979
,,3765,9/29/2025,DMSFI,,324.00,TARP 3X6,
,,3766,9/29/2025,PAG-IBIG (MAAM SALLY),,"1,200.00",EMBROIDERED,
,,3767,9/29/2025,IBEX GLOBAL SOLUTIONS (PHILIPPINES) INC.,008-028-126-00009,"2,700.00",TARP,
,,3768,9/29/2025,OAMPI INC.,007-013-960-001,280.00,SINTRA W/ STICKER,
,,3769,9/29/2025,DMSFI,,"2,300.00",TARP,
,,3770,9/30/2025,SILANGAN MULTIPURPOSE COOPERATIVE,,"2,000.00",BANNER,
,,3771,,,,,,
,,3772,9/11/2025,BSP-MRO,,"2,700.00",VARIOUS ITEM,
,,3773,9/30/2025,BSP-MRO,,576.00,TARP,
,,3774,9/30/2025,USEP COOPERATIVE,,"36,450.00",PE SHIRT,CHECK 2000003316
,,3775,10/1/2025,PSA DAVAO DEL SUR,460-372-118-087,"1,440.00",TARP 3 PCS,
,,3776,10/2/2025,PSA DAVAO DEL SUR,,"1,470.00",TARP,
,,3777,10/1/2025,LGU MATANAO,,480.00,TARP,
,,3778,10/1/2025,BARANGAY CABANTIAN,,"59,625.00",ARAW NG CABANTIAN SHIRT,
,,3779,10/1/2025,BARANGAY CABANTIAN,,"6,900.00",TSHIRT SOLO PARENT,
,,3780,10/1/2025,BARANGAY CABANTIAN,,"34,200.00",TSHIRT PWD,
,,3781,10/1/2025,BEAN EXPRESS 2,,"2,060.00",PRINT,
,,3782,10/1/2025,IBEX GLOBAL SOLLUTIONS (PHILIPPINES) INC.,008-028-126-001,900.00,PUB,
,,3783,10/2/2025,AMESCO,,150.00,TARP,
,,3784,10/3/2025,BRGY CABANTIAN,,"1,050.00",TSHIRT,
,,3785,10/3/2025,UP MINDANAO,,"1,000.00",PVC ID,
,,3786,10/3/2025,UNIVERSAL SERVICES,,"2,200.00",POLO SHIRT SUBLIMATION,
,,3787,10/3/2025,EMELINDA Q. GLEMAO,,268.00,TARP,
,,3788,10/3/2025,IBEX GLOBAL SOLLUTIONS (PHILIPPINES) INC.,008-028-126-001,900.00,PUB TARP,
,,3789,10/6/2025,PHILHEALTH,,"4,200.00",LEI,
,,3790,10/6/2025,KIDSWAY SCHOOL,,"8,750.00",LANYARD AND ID,
,,3791,10/6/2025,IBEX GLOBAL SOLLUTIONS (PHILIPPINES) INC.,008-028-126-001,900.00,PRINT FLAG,
,,3792,,CANCELLED,,,,
,,3793,10/6/2025,IBEX GLOBAL SOLLUTIONS (PHILIPPINES) INC.,008-028-126-001,900.00,PRINT LOGO FLAG,
,,3794,10/6/2025,IBEX GLOBAL SOLLUTIONS (PHILIPPINES) INC.,008-028-126-001,"11,556.00",TARP,
,,3795,,CANCELLED,,,,
,,3796,10/7/2025,ATENEO DE DAVAO UNIVERSITY,,130.00,ID,
,,3797,10/8/2025,OAMPI INC.,007-013-960-001,"4,040.00",TARP AND SINTRA,
,,3798,10/8/2025,OAMPI INC.,007-013-960-001,"18,700.00","TSHIRT W/ PRINT, TOTE BAG",
,,3799,10/8/2025,ENVIROTECH WATER RECYCLING,,"15,750.00",STICKERS,
,,3800,10/8/2025,USEP COOPERATIVE,,"5,250.00",PE SHIRT,CHECK 2000003322
,27,3801,10/17/2025,NAPOLCOM XI,,650.00,POLO SHIRT,
,,3802,10/17/2025,THE POTTER'S COMMUNITY,,"34,780.00",TSHIRTS,
,,3803,10/20/2025,PROKRATE INTERNATIONAL TRADING CORPORATION,619-220-202,800.00,ID,
,,3804,9/29/2025,DMSFI,,"2,254.00",TARP,
,,3805,10/22/2025,OAMPI INC.,007-013-960-001,280.00,STICKER ON SINTRA,
,,3806,10/22/2025,RANCHO PALOS VERDES GOLD AND SPORTS CLUB INC,005-813-892-000,"39,075.30",SPORTS UNIFORM,
,,3807,10/22/2025,CDGM DISTRIBUTION CORP,,"2,640.00",PRINTING LOGO UNIFORM,
,,3808,10/22/2025,ROYAL GC DISTRIBUTION CORPORATION,,"10,160.00",PRINTING LOGO UNIFORM,
,,3809,10/23/2025,DMSFI,,540.00,TARP,
,,3810,10/23/2025,RAMONA'S,,"8,040.00",,
,,3811,10/23/2025,BRGY CABANTIAN,,"26,100.00",POLO SHIRT WITH PRINT,
,,3812,10/23/2025,BRGY CABANTIAN,,"5,600.00",TSHIRT WITH PRINT,
,,3813,10/23/2025,IBEX GLOBAL SOLLUTIONS (PHILIPPINES) INC.,008-028-126-001,"10,820.00",VARIOUS ITEM,
,,3814,10/24/2025,MARINA XI,,200.00,FLAG BANNER,
,,3815,10/24/2025,HOLY GROUND FAMILY FELLOWSHIP / MISSIONS DEPARTMENT,,"3,000.00",TARP,
,,3816,10/24/2025,ATENEO DE DAVAO UNIVERSITY,,"1,000.00",4PCS TSHIRT,
,,3817,10/24/2025,DMSFI,,480.00,TARP 4X8,
,,3818,10/24/2025,IBEX GLOBAL SOLLUTIONS (PHILIPPINES) INC.,008-028-126-0009,480.00,TARP,
,,3819,10/25/2025,SIRI TULIN PHILIPPINES INC,,"1,650.00",TARP,
,,3820,10/27/2025,POSEIDON HOLDINGS OPC,,"19,000.00",UMBRELLA WITH PRINT,
,,3821,10/27/2025,IBEX GLOBAL SOLLUTIONS (PHILIPPINES) INC.,008-028-126-001,900.00,PUB TARP,
,,3822,10/27/2025,MINDANAO GLOBAL CONSTRUCTION AND ALLIED SERVICES INC,009-011-393-000,"1,500.00",POLO SHIRT,
,,3823,10/28/2025,RCIA XI,,"15,600.00",JACKET,
,,3824,10/28/2025,CEBU TRISTAR CORPORATION,,"1,750.00",PRINT UMBRELLA,
,,3825,10/28/2025,CEBU TRISTAR CORPORATION,,"1,250.00",PRINT CAP,
,,3826,10/28/2025,CEBU TRISTAR CORPORATION,,"1,400.00",ID,
,,3827,10/28/2025,ATENEO DE DAVAO UNIVERSITY,001-921-709-000,"1,920.60",SAMASKOFIL TSHIRT,
,,3828,10/28/2025,OSHNET XI,,800.00,ID,
,,3829,10/29/2025,99 COMMERCIAL INC.,288-943-707-000,"5,900.00",EMBROIDERY,
,,3830,10/27/2025,TWIN TIDES,,"8,300.00",POLO SHIRTS,
,,3831,10/28/2025,OAMPI INC.,,180.00,TARP,
,,3832,10/29/2025,SOUTH PACIFIC DAVAO COUNTRY CLUB,,"41,800.00",POLO SHIRTS,
,,3833,10/30/2025,ANSALDO LOGISTICS INCORPORATED,,"20,812.50",SAFETY LONGSLEEVE,
,,3834,11/3/2025,JRMT RESOURCES CORPORATION,281-968-892-000,"13,009.50",JRMT STICKER,
,,3835,11/3/2025,DELCO,,"4,012.50",STICKER,
,,3836,11/3/2025,IBEX GLOBAL SOLLUTIONS (PHILIPPINES) INC.,008-028-126-001,"2,380.00",SASH,DR 4130
,,3837,11/3/2025,IBEX GLOBAL SOLLUTIONS (PHILIPPINES) INC.,008-028-126-001,760.00,ABACA BAG,DR 4130
,,3838,11/3/2025,THE REAL AMERICAN DOUGHNUT COMPANY INC,245-603-492-000,"1,200.00",LABEL,
,,3839,11/3/2025,RAM-LINE RESOURCES INC.,000-077-782-000,"8,000.00",EMBROIDERY LOGO,
,,3840,11/4/2025,SIRI TULIN PHILIPPINES INC,,"1,650.00",TARP,
,,3841,10/8/2025,"BEAWESOME, INC",009-552-332-000,"4,760.00",VARIOUS ITEM,
,,3842,10/8/2025,"BEAWESOME, INC",009-552-332-000,"3,080.00",EGG MUG,
,,3843,11/5/2025,PRDP,004-772-233,"6,750.00",EMBROID,
,,3844,11/7/2025,IBEX GLOBAL SOLLUTIONS (PHILIPPINES) INC.,008-028-126-009,900.00,PUB TARP PAL,
,,3845,11/8/2025,PAL - RETIRER,,"12,800.00",MUGS,
,,3846,11/8/2025,WHITE FIELDS BAPTIST CHURCH,,"1,200.00",TARP,
,,3847,,CANCELLED,,,,
,,3848,11/10/2025,DILG XI,,"1,200.00",TARP,
,,3849,8/23/2025,ATENEO DE DAVAO UNIVERSITY,001-921-709-000,"24,318.70",POLO SHIRT WITH PRINT,
,,3850,11/12/2025,UNIVERSAL JANITORIAL,,"15,400.00",POLO SHIRT SUBLIMATION,
,28,3851,10/7/2025,APO VIEW HOTEL,000-265-159-000,"8,000.00",PERSONALIZE NOTEBOOK,
,,3852,10/7/2025,APO VIEW HOTEL,000-265-159-000,960.00,TARP,
,,3853,10/7/2025,IBEX GLOBAL SOLLUTIONS (PHILIPPINES) INC.,008-028-126-009,900.00,TARP,
,,3854,10/6/2025,IBEX GLOBAL SOLLUTIONS (PHILIPPINES) INC.,008-028-126-009,"19,550.00",23 PCS HOODY,
,,3855,10/6/2025,IBEX GLOBAL SOLLUTIONS (PHILIPPINES) INC.,008-028-126-009,"1,800.00","PUB, ABACA BAG",
,,3856,10/10/2025,COUNTRY VET MARKETING INC.,667-810-535-000,"1,500.00",EMBROIDERY,
,,3857,10/13/2025,IBEX GLOBAL SOLLUTIONS (PHILIPPINES) INC.,008-028-126-0009,"2,400.00",TABLE MASKING,
,,3858,10/13/2025,IBEX GLOBAL SOLLUTIONS (PHILIPPINES) INC.,008-028-126-0009,"1,152.00",TARP,
,,3859,,RANCHO PALOS VERDES GOLD AND SPORTS CLUB INC,,"16,500.00",POLO SHIRTS,
,,3860,10/14/2025,IBEX GLOBAL SOLLUTIONS (PHILIPPINES) INC.,008-028-126-001,"4,400.00",PLAQUE GLASS,
,,3861,10/15/2025,FRCC TECHNOLOGIES AND SERVICES,641-018-809-000,"5,000.00",LONGSLEEVE ROYAL BLUE,
,,3862,10/15/2025,DMSFI,,120.00,TARP,
,,3863,10/16/2025,RAMLU BUILDERS CO.,,"3,900.00",SHORT SLEEVE RAMLU BUILDERS,
,,3864,10/16/2025,FILIPINAS PALMOIL PLANTATIONS INC.,,"38,760.00",TSHIRT WITH PRINT,"CSI 1969, 1841"
,,3865,10/16/2025,8 HUNGRY DRAGONS FOOD CORPORATION,,"24,000.00",30 PCS JACKET WITH EMBROID,
,,3866,,CANCELLED,,,,
,,3867,10/16/2025,8 HUNGRY DRAGONS FOOD CORPORATION,,"9,600.00",JACKET WITH EMBROID,
,,3868,10/16/2025,PRTC,,"2,080.00",TSHIRT PRINT ONLY,
,,3869,,CANCELLED,,,,
,,3870,10/16/2025,IBEX GLOBAL SOLLUTIONS (PHILIPPINES) INC.,008-028-126-0009,"1,800.00",EMBROIDERED,
,,3871,10/17/2025,HVSCCS,,"2,174.00",2 LOT STICKER WITH PRINT,
,,3872,10/17/2025,INSTATECH INC.,006-039-494-000,"13,720.45",TSHIRT WITH PRINT,
,,3873,10/30/2025,ATENEO DE DAVAO UNIVERSITY,,"13,899.60",POLO SHIRT,
,,3874,10/30/2025,ATENEO DE DAVAO UNIVERSITY,,520.00,TSHIRT WITH PRINT,
,,3875,10/30/2025,ATENEO DE DAVAO UNIVERSITY,001-921-709-000,"5,600.00",POLO SHIRT,
,,3876,10/30/2025,ATENEO DE DAVAO UNIVERSITY,001-921-709-000,"7,520.00",DOWNPAYMENT POLO SHIRT,
,,3877,11/5/2025,NIA XI,,"177,480.00",POLO SUBLI AND SLING BAG,
,,3878,11/5/2025,NIA XI,,"8,100.00",JACKET WITH PRINT,
,,3879,11/7/2025,EAMARAC BUILDERS,,"1,200.00",POLO SHIRT WITH PRINT,
,,3880,11/7/2025,"BEAWESOME, INC",,800.00,POLO SHIRT,
,,3881,11/7/2025,MENCHAVEZ ENGINEERING SERVICES,,"1,200.00",POLO SHIRT,
,,3882,11/7/2025,MINDANAO GLOBAL CONSTRUCTION AND ALLIED SERVICES INC,,800.00,POLO SHIRT,
,,3883,11/7/2025,FREYSSINET INTERNATIONAL MANILA INC.,,400.00,POLO SHIRT,
,,3884,11/7/2025,FRANKLIN BAKER INC.,,400.00,POLO SHIRT,
,,3885,11/7/2025,MEDATECH REFRIGERATION AND AIR CONDITIONING SERVICES,,400.00,POLO SHIRT,
,,3886,11/7/2025,AMESCO DRUG CORPORATION,,492.00,TARP,
,,3887,11/11/2025,BRGY. INDANGAN,,"11,500.00",TSHIRT WITH PRINT,
,,3888,11/12/2025,SUTHERLAND GLOBAL SERVICES PHILIPPINES INC.,,900.00,TARP,
,,3889,8/20/2025,ATENEO DE DAVAO UNIVERSITY,001-92-709-000,735.00,PRINT AND EMBROID,
,,3890,11/13/2025,DAVAO CITY SDA ELEMENTARY SCHOOL,,"5,800.00",11 PCS BANNER W/ TASSEL,
,,3891,11/13/2025,DILG,,600.00,TARP,
,,3892,11/14/2025,CASH,,"1,000.00",POLO SHIRT,
,,3893,11/14/2025,BARANGAY COMMUNAL,,"18,800.00",TSHIRTS,
,,3894,11/14/2025,SHARESOURCE,,"5,010.00",TSHIRT XSTAND BANNER,
,,3895,11/15/2025,IBEX GLOBAL SOLLUTIONS (PHILIPPINES) INC.,008-028-126-0009,900.00,PUB,
,,3896,11/15/2025,IBEX GLOBAL SOLLUTIONS (PHILIPPINES) INC.,008-028-126-0009,150.00,PRINT ONLY,
,,3897,11/17/2025,BP BAKING SUPPLIES AND COOKING EQUIPMENT CORP,478-875-544-000,"4,500.00",POLO SHIRT,
,,3898,11/18/2025,"HOLY CHILD COLLEGE OF DAVAO, INC",,"135,000.00",ID SLING,
,,3899,11/19/2025,PHILHEALTH XI,,"13,300.00",SOUVENIR,
,,3900,11/18/2025,RAMONA'S,,"2,133.00",PRINT STICKER / FLYERS,
,29,3901,11/18/2025,PROKRATE INTERNATIONAL TRADING CORPORATION,,200.00,TARP,
,,3902,11/19/2025,IBEX GLOBAL SOLLUTIONS (PHILIPPINES) INC.,,150.00,PRINT,
,,3903,11/19/2025,AMESCO DRUG CORPORATION,008-024-612-000,"1,400.00",CALLING CARD,
,,3904,11/20/2025,DMSFI,,240.00,TARP,
,,3905,11/20/2025,BSP-MRO,,792.00,TARP,
,,3906,11/20/2025,KORO DABAWENYO,,"1,600.00",STANDEE / TARP,
,,3907,11/20/2025,IBEX GLOBAL SOLLUTIONS (PHILIPPINES) INC.,008-028-126-001,450.00,PHOTOSIGN,
,,3908,11/21/2025,SPC SALIGAN SSC,000-263-710-000,"7,880.00",TSHIRTS,
,,3909,4/10/2025,ATENEO DE DAVAO UNIVERSITY,001-921-709-000,"2,280.00",BANNER,
,,3910,11/21/2025,UPC PANABO MEGA CHURCH,,"15,000.00",100 PCS BLACK MUG,
,,3911,11/22/2025,3RD LSG-AFP,,360.00,TARP,
,,3912,11/24/2025,ENVIROTECH,,"2,450.00",STICKERS,
,,3913,11/24/2025,JMC,,"3,850.00",,
,,3914,11/24/2025,GOLDEN8,,360.00,TARP,
,,3915,11/24/2025,DBP,,"7,980.00",TSHIRT,
,,3916,11/25/2025,PAG-IBIG FUND,,"2,100.00",TARP,
,,3917,11/25/2025,NAPOLCOM XI,,150.00,EMBROIDERY,
,,3918,11/25/2025,TAMLU ENTERPRISES,,"47,550.00",TSHIRT WITH PRINT,
,,3919,11/25/2025,ECHO STORE,,"6,840.00",EMBROIDERY,
,,3920,11/26/2025,SERVANT COMMUNITIES,,"36,500.00",POLO SHIRT AND CUP,JO 12076
,,3921,11/26/2025,VXI GLOBAL HOLDINGS B.V. (PHILIPPINES),283-271-227-000,"20,700.00",JACKET 23 PCS,
,,3922,11/28/2025,IBEX GLOBAL SOLLUTIONS (PHILIPPINES) INC.,008-028-126-0009,"9,000.00",JACKET,
,,3923,11/29/2025,"HOLY CHILD COLLEGE OF DAVAO, INC",,800.00,FROSTED MUGS,
,,3924,11/29/2025,"HOLY CHILD COLLEGE OF DAVAO, INC",,800.00,FROSTED MUGS,
,,3925,12/1/2025,MULAVI TRANSPORT AND MAINTENANCE SERVICES INC.,,"4,500.00",LONGSLEEVE WITH PRINT LOGO,
,,3926,12/1/2025,BRING ME EXPRESS CORPORATION,,"16,640.00",STICKERS,
,,3927,12/1/2025,JRMT RESOURCES CORPORATION,,"16,072.00",STICKERS,
,,3928,10/1/2025,CDA XI - COOP MONTH TARP,,885.00,TARP,
,,3929,10/1/2025,RMA COOP,,180.00,TARP,
,,3930,12/1/2025,LSG AFP,,360.00,TARP,
,,3931,12/2/2025,PAG-IBIG FUND,,900.00,TARP,
,,3932,12/2/2025,PAG-IBIG FUND,,300.00,TARP,
,,3933,12/4/2025,"KISAN LU LANDS AND DEVELOPMENT, INC.",,"23,670.00",VILLA CONCHITA ROYAL BLUE,
,,3934,12/4/2025,ELK POULTRY FARM INC.,617-211-237-000,"30,350.00","POLO SHIRT, TSHIRT, LONGSLEEVE",
,,3935,12/5/2025,GREGORIO LIMPIN,,"12,000.00",TSHIRT WITH PRINT,
,,3936,12/5/2025,MBG SECURITY,,"2,000.00",4 PLAQUE,
,,3937,12/5/2025,SSI SECURITY,,500.00,1 PLAQUE,
,,3938,12/5/2025,IBEX GLOBAL SOLLUTIONS (PHILIPPINES) INC.,008-028-126-0009,500.00,TARP,
,,3939,12/6/2025,DMSFI,,"1,410.00",TARP,
,,3940,CANCELLED,IBEX GLOBAL SOLLUTIONS (PHILIPPINES) INC.,008-028-126-001,"5,390.00",UHC POSTER,
,,3941,CANCELLED,IBEX GLOBAL SOLLUTIONS (PHILIPPINES) INC.,008-028-126-001,"8,036.00",UHC BACKDROP,
,,3942,CANCELLED,IBEX GLOBAL SOLLUTIONS (PHILIPPINES) INC.,008-028-126-001,"54,390.00",UHC OPS BUDGET,
,,3943,CANCELLED,IBEX GLOBAL SOLLUTIONS (PHILIPPINES) INC.,008-028-126-001,"293,168.96",UHC PRODUCTION FLOOR BRANDING,
,,3944,CANCELLED,IBEX GLOBAL SOLLUTIONS (PHILIPPINES) INC.,008-028-126-001,"2,646.00",PH ENGAGEMENT TARP,
,,3945,12/6/2025,MC,,"5,880.00",LONGSLEEVE WITH PRINT,
,,3946,12/10/2025,ATENEO DE DAVAO UNIVERSITY,001-921-709-000,"4,480.00",FULL PAYMENT POLO SHIRT,
,,3947,12/10/2025,TITANWIZARDS,,"2,250.00",POLO SHIRTS,
,,3948,12/10/2025,ALPHA DYNAMIC INC.,,"1,230.00",TARP BACKDROP,
,,3949,12/10/2025,EGSOL INDUSTRIAL SUPPLY CORP,,"6,750.00",PRINT,
,,3950,12/11/2025,IIEE - DAVAO,,600.00,TARP,
,30,3951,12/11/2025,ENVIROTECH WASTE RECYCLING INC.,,"2,100.00",STICKERS,
,,3952,12/11/2025,KIDSWAY SCHOOL,,"4,250.00",TSHIRT MUSICAL CONCERT,
,,3953,12/12/2025,ATENEO DE DAVAO UNIVERSITY,,225.00,ID,
,,3954,10/12/2025,MADAYAW HOTEL,,380.00,POLO SHIRT,
,,3955,12/12/2025,TOYOTA GENERAL SANTOS INC.,,380.00,POLO SHIRT,
,,3956,12/12/2025,TOYOTA DAVAO CITY INC.,,380.00,POLO SHIRT,
,,3957,12/12/2025,MRSI - MASTER'S PORT SERVICES,,380.00,POLO SHIRT,
,,3958,12/12/2025,T'NALAK,,380.00,POLO SHIRT,
,,3959,12/12/2025,BROKENSHIRE COLLEGE TORIL,,380.00,POLO SHIRT,
,,3960,12/12/2025,TOYOTA DAVAO CITY INC.,,380.00,POLO SHIRT,
,,3961,12/12/2025,FCT INDUSTRIAL FABRICATION AND SERVICES,,"1,140.00",POLO SHIRT,
,,3962,12/12/2025,"DAVAO SUGAR CENTRAL CO, INC",000-216-999-00001,380.00,POLO SHIRT,
,,3963,12/12/2025,VOLGA OIL CORPORATION,,380.00,POLO SHIRT,
,,3964,12/12/2025,DAVAO ANALYTICAL LABORATORIES INC.,006-039-162-000,760.00,POLO SHIRT,
,,3965,12/12/2025,GRUNDFOS PUMP (PHILIPPINES) INC.,228-934-129-000,380.00,POLO SHIRT,
,,3966,12/12/2025,TOYOTA GENERAL SANTOS INC.,006-294-982-000,380.00,POLO SHIRT,
,,3967,12/12/2025,THERMA MARINE INC.,267-090-070-000,380.00,POLO SHIRT,
,,3968,12/12/2025,WOODWORKS COLLECTIONS INC.,762-679-982,380.00,POLO SHIRT,
,,3969,12/12/2025,TAGUM WATER COMPANY INC.,479-086-132-000,380.00,POLO SHIRT,
,,3970,12/12/2025,TOYOTA DAVAO CITY INC.,,380.00,POLO SHIRT,
,,3971,12/12/2025,DAVAO DIALYSIS CENTER INC.,,"2,550.00",EMBROIDERY,
,,3972,12/12/2025,IBEX GLOBAL SOLLUTIONS (PHILIPPINES) INC.,008-028-126-0009,150.00,PRINT ON BAG,
,,3973,12/13/2025,ZIBO ENTERTAINMENT,,"4,200.00",POLO SHIRTS,
,,3974,12/15/2025,PREMIUM AC,,"4,050.00",TSHIRTS,
,,3975,12/15/2025,ATENEO DE DAVAO UNIVERSITY,001-921-709-000,"1,287.00",TSHIRTS,
,,3976,12/16/2025,MAAM SHEILA,,720.00,TARP,
,,3977,12/16/2025,JRMT RESOURCES CORPORATION,281-968-892-000,"2,168.00",STICKERS,
,,3978,12/17/2025,UP MINDANAO OVCA,,"54,000.00",45 PCS JACKET,
,,3979,12/17/2025,DAVAO DIALYSIS CENTER INC.,,750.00,EMBROIDERY,
,,3980,12/12/2025,AKTIV MULTITRADING,,380.00,POLO SHIRT,
,,3981,12/17/2025,PROKRATE INTERNATIONAL TRADING CORPORATION,,"6,300.00",MUGS,
,,3982,12/17/2025,MALAGOS GARDEN RESORT INC.,,"8,400.00",TSHIRT,
,,3983,12/17/2025,DAVAO DIALYSIS CENTER INC.,,150.00,EMBROIDERY,
,,3984,12/17/2025,NATUREEARTH,,"1,200.00",TARP,
,,3985,12/18/2025,PREMIUM AC CORP,,"2,650.00",TARP,
,,3986,12/18/2025,JMCFI,,760.00,POLO SHIRT,
,,3987,12/18/2025,LYANTHE FINANCIAL SERVICES INC.,474-922-148-000,"3,200.00",JACKET AND PIN,
,,3988,12/18/2025,MACROASIA AIRPORT SERVICES CORP.,,"1,500.00",PLAQUE,
,,3989,12/19/2025,KAHAYAG,,"4,280.00",,
,,3990,12/19/2025,DAVAO DOCTORS HOSPITAL (CLINICA HILARIO) INC.,005-985-874-000,"20,400.00",JACKET,
,,3991,12/19/2025,"KISAN LU LANDS AND DEVELOPMENT, INC.",,"14,130.00",ROYAL BLUE SHIRT,
,,3992,12/20/2025,"KISAN LU LANDS AND DEVELOPMENT, INC.",,"14,250.00",ROYAL BLUE SHIRT,
,,3993,12/20/2025,"KISAN LU LANDS AND DEVELOPMENT, INC.",,"14,300.00",LIGHT BLUE SHIRT,
,,3994,12/20/2025,"KISAN LU LANDS AND DEVELOPMENT, INC.",,"14,310.00",ROYAL BLUE BAMBU,
,,3995,12/20/2025,"KISAN LU LANDS AND DEVELOPMENT, INC.",,"19,130.00",ROYAL BLUE GREENWOOD,
,,3996,12/20/2025,"KISAN LU LANDS AND DEVELOPMENT, INC.",,"23,310.00",ROYAL BLUE AMIYA,
,,3997,12/19/2025,ELK POULTRY FARM INC.,617-211-237-000,"3,840.00",LANYARD ID,
,,3998,12/20/2025,IBEX GLOBAL SOLLUTIONS (PHILIPPINES) INC.,,150.00,PRINT,
,,3999,12/22/2025,IBEX GLOBAL SOLLUTIONS (PHILIPPINES) INC.,008-028-126-001,"1,100.00",TSHIRT WITH PRINT,
,,4000,12/22/2025,IBEX GLOBAL SOLLUTIONS (PHILIPPINES) INC.,008-028-126-001,"1,100.00",ACRYLIC LIGHTED PLAQUE,
,31,4001,12/26/2025,DAVAO DIALYSIS CENTER INC.,,900.00,EMBROIDERY,
,,4002,12/26/2025,DAVAO DIALYSIS CENTER INC.,,900.00,EMBROIDERY,
,,4003,12/26/2025,"ALPAS, CYNTHIAS",,"1,200.00",EMBROIDERY,
,,4004,,BRGY. INDANGAN,,"96,000.00",TSHIRT FOR ARAW,
,,4005,1/6/2026,HERWIN TAN,,"21,650.00",TSHIRT AND STICKER,
,,4006,1/7/2026,JMCFI,,"1,140.00",POLO SHIRT,
,,4007,1/7/2026,IBEX GLOBAL SOLLUTIONS (PHILIPPINES) INC.,008-028-126-001,230.00,PRINT ONLY,
,,4008,1/9/2026,INSTATECH INC.,006-039-494-000,"10,057.37",POLO SHIRT WITH REFLECTOR,DR 4122
,,4009,,,,,,
,,4010,1/10/2026,DAVAO WISDOM ACADEMY INC.,,525.00,TARP,
,,4011,1/10/2026,MANG INASAL,,480.00,STICKER,
,,4012,1/14/2026,DAVAO DIALYSIS CENTER,,900.00,EMBROID,
,,4013,1/15/2026,BEAN XPRESS INC.,,"3,000.00",POLO SHIRT,
,,4014,,CANCELLED,,,,
,,4015,1/15/2026,BEAN XPRESS INC.,,"1,800.00",PRINT,
,,4016,1/16/2026,SOUTH PACIFIC COUNTRY CLUB,,"1,650.00",POLO SHIRT,
,,4017,1/16/2026,LOLENG'S,,"1,040.00",PRINT,
,,4018,1/16/2026,IBEX GLOBAL SOLUTIONS (PHILIPPINES) INC.,,324.00,TARP,
,,4019,1/16/2026,DMSFI,,585.00,TARP,
,,4020,,CANCELLED,,,,
,,4021,1/16/2026,JOSE MARIA COLLEGE,,"3,850.00",POLO SHIRT,
,,4022,1/17/2026,VERDELI,,"1,050.00",EMBROID,
,,4023,1/17/2026,VICTORY CHRISTIAN FELLOWSHIP OF DAVAO DEL SUR INC.,007-318-683-000,"4,200.00",EMBROID,
,,4024,1/19/2026,DAVAO DIALYSIS CENTER,,300.00,EMBROID,
,,4025,1/19/2026,JMCFI,,380.00,POLO SHIRT,
,,4026,1/20/2026,AMESCO DRUG CORPORATION,008-024-612-000,"1,050.00",CALLING CARD,
,,4027,1/20/2026,DA,,"9,100.00",MUGS,
,,4028,1/22/2026,PSA DAVAO DEL SUR,,360.00,TARP,
,,4029,1/22/2026,DAVAO DOCTORS HOSPITAL (CLINICA HILARIO) INC.,,"11,900.00",JACKET 14PCS,
,,4030,1/22/2026,OAMPI INC.,007-013-960-001,120.00,TARP,
,,4031,1/23/2026,NATUREEARTH,,"2,016.00",TARP,
,,4032,1/26/2026,SAN PEDRO COLLEGE - COLLEGE RED CROSS YOUTH,000-263-710-000,450.00,POLO SHIRT,
,,4033,1/26/2026,SAN PEDRO COLLEGE - COLLEGE RED CROSS YOUTH,000-263-710-000,50.00,POLO SHIRT,
,,4034,1/26/2026,AC PAMA ENGINEERING CONSULTANCY,148-976-194-000,"5,700.00",DOWNPAYMENT JACKET,
,,4035,1/26/2026,THE LIGHTHOUSE CHRISTIAN FELLOWSHIP,402-307-786-000,"1,600.00",PRINT,
,,4036,1/28/2026,PSA (HAGONOY),,480.00,TARP,
,,4037,1/28/2026,PSA (PADADA),,960.00,TARP,
,,4038,1/28/2026,PSA (DIGOS CITY),,960.00,TARP,
,,4039,1/28/2026,PSA (STA CRUZ),,480.00,TARP,
,,4040,1/28/2026,PSA (BANSALAN),,480.00,TARP,
,,4041,1/28/2026,PSA (MAGSAYSAY),,480.00,TARP,
,,4042,1/28/2026,PSA (MATANO),,480.00,TARP,
,,4043,1/28/2026,PSA (SULOP),,480.00,TARP,
,,4044,1/28/2026,PSA (MALALAG),,480.00,TARP,
,,4045,1/28/2026,SAMPAGUITA TOURIST INN,,"3,800.00",POLO SHIRT 10 PCS,
,,4046,1/29/2026,OSHNET XI,,800.00,ID,
,,4047,1/29/2026,DAVAO DIALYSIS CENTER,,900.00,EMBROID,
,,4048,1/29/2026,R2R CONSTRUCTION,,"1,200.00",PRINT,
,,4049,1/30/2026,MANG INASAL BAJADA,,300.00,STICKER,
,,4050,1/30/2026,IBEX GLOBAL SOLUTIONS (PHILIPPINES) INC.,008-028-126-009,200.00,PRINT,
,32,4051,1/9/2026,CASTAÑEDA PRINTING PRESS INC.,,600.00,SIGNAGE,
,,4052,1/9/2026,LIGHTHOUSE CHRISTIAN FELLOWSHIP,,600.00,PRINT,
,,4053,1/9/2026,PSA XI,,250.00,TSHIRT,
,,4054,1/31/2026,DAVAO PENDA,,"3,600.00",PRINT,
,,4055,2/2/2026,IBEX GLOBAL SOLUTIONS (PHILIPPINES) INC.,008-028-126-009,900.00,TARP,
,,4056,2/2/2026,MISSION MOTIVATORS,,"1,600.00",PRINT,
,,4057,2/2/2026,BSP - HERO,,"6,050.00",POLO SHIRT SUBLI,
,,4058,2/3/2026,ENVIROTECH WASTE RECYCLING INC.,,320.00,PRINT ON POLO SHIRT,
,,4059,2/4/2026,"KISAN LU LANDS AND DEVELOPMENT, INC.",,"35,930.00",TSHIRT GREENWOOD,DR 4331
,,4060,2/4/2026,"JHAYMARTS INDUSTRIES, INC.",,"107,800.00",TSHIRT,
,,4061,2/4/2026,ATENEO DE DAVAO UNIVERSITY,001-921-709-000,460.00,TSHIRT WITH PRINT,
,,4062,2/4/2026,ATENEO DE DAVAO UNIVERSITY,001-921-709-000,230.00,TSHIRT,
,,4063,2/4/2026,ATENEO DE DAVAO UNIVERSITY,001-921-709-000,75.00,PINS,
,,4064,2/4/2026,QNT PHARMACY,,"1,350.00",EMBROID,
,,4065,2/5/2026,BONG GOMITO,,"9,460.00",TSHIRTS,
,,4066,2/5/2026,REYSIE'S LOADED PIZZA,,"2,100.00",EMBROID CAP,
,,4067,2/6/2026,IBEX GLOBAL SOLUTIONS (PHILIPPINES) INC.,008-028-126-009,150.00,PRINT ON ABACA,
,,4068,2/7/2026,BONG GOMITO,,"8,600.00",TSHIRTS,
,,4069,2/9/2026,PVL HOTEL AND RESTAURANT,,640.00,PRINT ON POLO SHIRT,
,,4070,2/9/2026,PAG IBIG - PAFELA,,360.00,TARP,
,,4071,2/10/2026,DMSFI,,300.00,TARP,
,,4072,2/10/2026,DA-SAAD,,"25,500.00",JACKET,
,,4073,2/10/2026,LINES & FIGURES,,"1,200.00",PRINT,
,,4074,2/10/2026,AMESCO DRUG CORPORATION,008-024-612-000,240.00,TARP,
,,4075,2/10/2026,DAVAO DIALYSIS CENTER,,300.00,EMBROIDERY,
,,4076,2/10/2026,KUBYERTOS,,"1,560.00",TARP,
,,4077,2/11/2026,ATENEO DE DAVAO UNIVERSITY,001-921-709-000,"1,425.60",TSHIRT WITH PRINT,
,,4078,2/11/2026,FILINVEST LAND INC.,000-533-224-000,"10,500.00",EMBROIDERY ON TOWEL,
,,4079,2/11/2026,UNIVERSAL JANITORIAL ALLIED SERVICES,,"9,350.00",POLO SHIRT,
,,4080,CANCELLED,DAVAO MEDICAL SCHOOL FOUNDATION INC.,,"98,000.00",,
,,4081,2/11/2026,ATENEO DE DAVAO UNIVERSITY,,"31,500.00",POLO SHIRTS,
,,4082,2/12/2026,BANGKO SENTRAL NG PILIPINAS,,324.00,TARP,
,,4083,2/12/2026,APPLEONE BROKENSHIRE MEDICAL CORPORATION,600-557-835-000,"6,500.00",POLO SHIRTS,
,,4084,CANCELLED,NONVIOLENT PEACEFORCE,,,,
,,4085,2/12/2026,MARNIE,,"5,442.00",VARIOUS ITEMS,
,,4086,2/12/2026,AC PAMA ENGINEERING CONSULTANCY,148-976-194-000,"5,700.00",FULL PAYMENT JACKET,
,,4087,2/13/2026,MENOGAIA,,380.00,POLO SHIRT,
,,4088,,CANCELLED,,,,
,,4089,2/13/2026,NONVIOLENT PEACEFORCE,006-365-287-000,510.00,BAG AND MUG,
,,4090,2/13/2026,CDGM DISTRIBUTION CORP,,"1,940.00",PRINT AND EMBROIDERY,
,,4091,2/13/2026,ROYAL GC DISTRIBUTION CORPORATION,,"8,340.00",PRINT AND EMBROIDERY,
,,4092,2/13/2026,BONG GOMITO,,"1,780.00",TSHIRT,
,,4093,2/14/2026,ICF,,"1,300.00",BANNER,
,,4094,2/16/2026,HOLY CHILD COLLEGE OF DAVAO INC.,,"95,142.86",DP ID SLING,
,,4095,2/16/2026,ATENEO DE DAVAO UNIVERSITY,,460.00,TSHIRT,
,,4096,2/16/2026,ATENEO DE DAVAO UNIVERSITY,,230.00,TSHIRT,
,,4097,2/17/2026,DAVAO DIALYSIS CENTER,,600.00,EMBROIDERY,
,,4098,2/17/2026,CHECKPOINT CARDIO,,"1,430.00",EMBROIDERY,
,,4099,2/18/2026,DMSFI,,"3,000.00",WRIST BAND,
,,4100,2/18/2026,REYSIE'S LOADED PIZZA,,"3,500.00",EMBROID AND PRINT,
,33,4101,2/16/2026,KIDSWAY SCHOOL,,"11,840.00",TSHIRT AND DRAWSTRING,
,,4102,2/18/2026,SIEMPRE,,"1,000.00",TSHIRTS,
,,4103,2/19/2026,SHYNETTEE CLIDE PERALTA,,"17,500.00",MUGS,
,,4104,2/19/2026,PAFELA,,420.00,TARP,
,,4105,2/19/2026,SIEMPRE,,250.00,TSHIRT,
,,4106,2/20/2026,PCA DRC,,"13,430.00",SINGLET,
,,4107,2/20/2026,SAN PEDRO COLLEGE,000-263-710-000,500.00,POLO SHIRT,
,,4108,2/20/2026,SAN PEDRO COLLEGE,000-263-710-000,"47,960.00",POLO SHIRT 109 PCS,
,,4109,2/23/2026,RIDGE TO REEF,,"1,800.00",PRINT ON UMBRELLA,
,,4110,2/23/2026,MANG INASAL BAJADA,,300.00,STICKER,
,,4111,2/23/2026,AMESCO DRUG CORPORATION,,300.00,TARP,
,,4112,2/23/2026,MAMA DEL'S,,"6,460.00",POLO SHIRT,
,,4113,2/24/2026,BP BAKING SUPPLIES AND COOKING EQUIPMENT CORP.,478-875-544-000,"19,500.00",POLO SHIRT WITH PRINT,
,,4114,2/25/2026,ECHO STORE,,450.00,POLO SHIRT WITH EMBROID,
,,4115,2/25/2026,"SOUTH PACIFIC DAVAO COUNTRY CLUB, INC",010-359-404-000,"18,150.00",POLO SHIRTS,
,,4116,2/25/2026,"SOUTH PACIFIC DAVAO COUNTRY CLUB, INC",010-359-404-000,"2,200.00",POLO SHIRT,
,,4117,2/25/2026,SIEMPRE,,"5,310.00",TSHIRTS,
,,4118,2/26/2026,PHALGA,,450.00,TARP,
,,4119,2/26/2026,"CONNEXT INTERNATIONAL, INC.",607-620-291-000,"1,530.00","MUGS, KEYCHAIN, BUTTON PIN",
,,4120,2/27/2026,ATENEO DE DAVAO UNIVERSITY,001-921-709-000,"1,207.80",TSHIRTS,
,,4121,2/27/2026,ALBINA RUDINAS,,900.00,SINTRA BOARD STAND,
,,4122,2/27/2026,DAVAO DOCTORS HOSPITAL (CLINICA HILARIO) INC.,005-985-874-000,"25,750.00",POLO SHIRT UNIFORM,
,,4123,2/27/2026,MENOGAIA,,380.00,POLO SHIRT,
,,4124,2/27/2026,ESHIEN CELLPHONE ACCESSORIES,,"9,750.00",POLO SHIRT DOWNPAYMENT,
,,4125,2/27/2026,ZSAF NONSPECIALIZED WHOLESALE TRADING,,900.00,ID,
,,4126,,PSA DAVAO DEL SUR,,480.00,TARP 8X4FT,
,,4127,2/27/2026,AMESCO DRUG CORPORATION,,120.00,TARP,
,,4128,2/20/2026,CDA XI,,720.00,TARP,
,,4129,2/28/2026,FILINVEST LAND INC.,000-533-224-000,"2,200.00",PULLUP BANNER,
,,4130,2/28/2026,FILINVEST LAND INC.,000-533-224-000,"2,200.00",PULLUP BANNER,
,,4131,2/28/2026,FILINVEST LAND INC.,000-533-224-000,"1,900.00",PULLUP BANNER,
,,4132,2/28/2026,FILINVEST LAND INC.,000-533-224-000,"5,000.00",PULLUP BANNER AND SINTRA,
,,4133,2/28/2026,SANTE INTERNATIONAL INC.,,"9,000.00",SIGNAGE,
,,4134,2/28/2026,SETBI,,"1,000.00",DP POLO SHIRT,
,,4135,2/28/2026,SETBI,,500.00,POLO SHIRT,
,,4136,2/28/2026,SETBI,,500.00,POLO SHIRT,
,,4137,2/28/2026,AC PAMA ENGINEERING CONSULTANCY,148-976-194-000,600.00,EMBROIDERY,
,,4138,3/2/2026,IBEX GLOBAL SOLUTIONS (PHILIPPINES) INC.,008-028-126-009,300.00,EMBROID AND PRINT,
,,4139,3/2/2026,STAR WARRIORZ INC.,009-523-578-000,450.00,STICKER,
,,4140,3/2/2026,ENVIROTECH WASTE RECYCLING INC.,,"6,400.00",STICKER FOR DEL MONTE,
,,4141,3/3/2026,IBEX GLOBAL SOLUTIONS (PHILIPPINES) INC.,008-028-126-001,"1,350.00",PUB TARP 3 PCS,
,,4142,3/3/2026,THE GASTROCLUB CORP.,,350.00,UV PRINT,
,,4143,,CANCELLED,,,,
,,4144,3/3/2026,DMSFI,,"7,000.00",2 PCS FLAG,
,,4145,3/4/2026,PSA DAVAO DEL SUR,,"1,248.75",TARP,
,,4146,3/2026,PPA,,"3,750.00",WOMENS MONTH TSHIRT,
,,4147,3/2026,CASH,,250.00,WOMENS MONTH TSHIRT,
,,4148,3/2026,CASH,,250.00,WOMENS MONTH TSHIRT,
,,4149,3/2026,CASH,,250.00,WOMENS MONTH TSHIRT,
,,4150,3/2026,CASH,,250.00,WOMENS MONTH TSHIRT,
,34,4151,2/19/2026,ATENEO DE DAVAO UNIVERSITY,,"12,750.00",,
,,4152,3/2/2026,R2R CONSTRUCTION,,"3,200.00",PRINT,
,,4153,3/2/2026,CHRYSOS-ENGINEERING AUTO PARTS SUPPLY,422-094-868-000,"17,000.00",SIGNAGE,
,,4154,3/4/2026,USEP COOPERATIVE,,"6,000.00",PE SHIRT,
,,4155,3/4/2026,USEP COOPERATIVE,,"103,300.00",POLO SHIRTS,
,,4156,3/5/2026,ATENEO DE DAVAO UNIVERSITY,,712.80,TSHIRT WITH PRINT,
,,4157,3/2026,CASH,,250.00,WOMENS MONTH TSHIRT,
,,4158,,MANG INASAL BAJADA BRANCH,,"1,200.00",4SET STICKER 2X4,
,,4159,3/6/2026,UIC CMBS,,"12,000.00",JACKET 12 PCS,
,,4160,3/6/2026,ROYAL GC DISTRIBUTION CORPORATION,,"2,140.00",PRINT/EMBROIDERED SHIRT,JO 12167
,,4161,3/6/2026,IBEX GLOBAL SOLUTIONS (PHILIPPINES) INC.,008-028-126-009,450.00,PUB TARP,
,,4162,3/6/2026,PHIL VETUS SECURITY FORCE INC.,,"1,520.00",POLO WITH EMBROID,
,,4163,3/6/2026,DAVAO DIALYSIS CENTER INC.,,"7,200.00",EMBROIDERY,
,,4164,3/6/2026,DAVAO DIALYSIS CENTER INC.,,"2,200.00",EMBROIDERY,
,,4165,3/7/2026,AC PAMA ENGINEERING CONSULTANCY,148-976-194-000,"13,300.00",DOWNPAYMENT FOR JACKET,
,,4166,3/7/2026,ATENEO DE DAVAO UNIVERSITY,001-921-709-000,"28,220.00",SAMASIKOFIL SHIRTS,
,,4167,3/9/2026,SIEMPRE,,"1,000.00",TSHIRTS,
,,4168,,CANCELLED,,,,
,,4169,3/9/2026,FAREAST MEDSOLUTIONS CORP,,"4,000.00",EMBROIDERY,
,,4170,3/10/2026,Z LAW OFFICE,,600.00,POLO SHIRT EMBROIDERY,
,,4171,3/10/2026,SAN PEDRO COLLEGE,000-263-710-000,440.00,POLO SHIRT,
,,4172,3/10/2026,SAN PEDRO COLLEGE,000-263-710-000,"3,080.00",POLO SHIRT,
,,4173,,CANCELLED,,,,
,,4174,,CANCELLED,,,,
,,4175,,CANCELLED,,,,
,,4176,9/27/2025,IBEX GLOBAL SOLUTIONS (PHILIPPINES) INC.,008-028-126-009,"21,547.50",TIVO SEARCH,DR 3968
,,4177,3/11/2026,DAVAO DIALYSIS CENTER,,750.00,EMBROIDERY,
,,4178,3/12/2026,SOUTHPOINT SCHOOL,,360.00,TARPAULIN,
,,4179,3/12/2026,"CONNEXT INTERNATIONAL, INC.",607-620-291-000,285.00,MUGS,
,,4180,,LGU SULOP,,480.00,,
,,4181,,LGU STA CRUZ,,480.00,,
,,4182,,LGU PADADA,,960.00,,
,,4183,,LGU MATANAO,,480.00,,
,,4184,,LGU MALALAG,,480.00,,
,,4185,,LGU MAGSAYSAY,,480.00,,
,,4186,,LGU HAGONOY,,480.00,,
,,4187,,LGU DIGOS CITY,,960.00,,
,,4188,,LGU BANSALAN,,480.00,,
,,4189,3/12/2026,DMSFI,,"1,500.00",STICKER,
,,4190,3/13/2026,DSC USEP,,500.00,TARP,
,,4191,3/13/2026,DELCO TRANSPORT SERVICES,,"11,260.00",OUTDOOR STICKER DELCO,
,,4192,3/13/2026,GAD-DMSFI,,"15,000.00",MUGS,
,,4193,3/13/2026,JOTEL INN,,"3,040.00",POLO SHIRTS,
,,4194,3/13/2026,JRMT,,108.00,TARP,
,,4195,3/14/2026,VICTORY,,"13,880.00",POLO SHIRTS & HOODIES,
,,4196,3/14/2026,SAN PEDRO COLLEGE,000-263-710-000,"8,700.00",ESPORTS TSHIRT,
,,4197,3/14/2026,SAN PEDRO COLLEGE,000-263-710-000,"4,200.00",DOCU TEAM TSHIRT,
,,4198,3/14/2026,SAN PEDRO COLLEGE,000-263-710-000,"2,100.00",ADDTL ESPORTS TSHIRT,
,,4199,3/17/2026,ATENEO DE DAVAO UNIVERSITY,001-921-709-000,195.00,BUTTON PINS,
,,4200,3/17/2026,ATENEO DE DAVAO UNIVERSITY,001-921-709-000,460.00,2 PCS TSHIRT,
,35,4201,3/17/2026,ATENEO DE DAVAO UNIVERSITY,001-921-709-000,460.00,2 PCS TSHIRT,
,,4202,3/17/2026,ATENEO DE DAVAO UNIVERSITY,001-921-709-000,460.00,2 PCS TSHIRT,
,,4203,3/17/2026,ATENEO DE DAVAO UNIVERSITY,001-921-709-000,230.00,TSHIRT,
,,4204,3/17/2026,BIOSITE MEDICAL INSTRUMENTS INC.,,"1,800.00",4 PCS POLO SHIRT,
,,4205,3/18/2026,AC PAMA ENGINEERING CONSULTANCY,,"3,280.00",STICKER FAN BALLPEN CALLING CARD,
,,4206,3/18/2026,ATENEO DE DAVAO UNIVERSITY,001-921-709-000,"4,000.00",SSC UNIFORM,
,,4207,3/18/2026,DMSFI,,300.00,TARP,
,,4208,3/18/2026,USEP LSS,,"18,000.00",EMBROIDERY/PRINT,
,,4209,3/18/2026,ATENEO DE DAVAO UNIVERSITY,,"2,250.00",,
,,4210,3/18/2026,DMSF,,"3,000.00",PLAQUE,
,,4211,3/19/2026,SPC SOULS,000-263-710-000,"3,000.00",3 PCS SUBLIMATION BANNER,
,,4212,3/19/2026,ATENEO DE DAVAO UNIVERSITY,001-921-709-000,"27,060.00",TSHIRT LAWIG,
,,4213,3/20/2026,ENVIROTECH WASTE RECYCLING INC.,,"3,000.00",DOLE SUNSHINE STICKER,
,,4214,3/20/2026,COUNTRYVET,,"1,050.00",7PCS EMBROIDERY,
,,4215,3/20/2026,QNT PHARMACY,,600.00,4PCS EMBROIDERY,
,,4216,3/21/2026,HGFF,,936.00,TARP,
,,4217,3/23/2026,AC PAMA ENGINEERING CONSULTANCY,148-976-194-000,"13,300.00",JACKET WITH EMBROIDERY,
,,4218,3/23/2026,COVERCLIQUE INSURANCE SERVICES,,500.00,CALLING CARD,
,,4219,3/14/2026,THE REAL AMERICAN DOUGHNUT COMPANY INC,245-603-492-000,"1,200.00",SINTRABOARD,
,,4220,3/14/2026,THE REAL AMERICAN DOUGHNUT COMPANY INC,245-603-492-000,"1,380.00",ABOARD AND COUNTER POSTER,
,,4221,3/14/2026,THE REAL AMERICAN DOUGHNUT COMPANY INC,245-603-492-000,"1,380.00",ABOARD AND COUNTER POSTER,
,,4222,3/14/2026,THE REAL AMERICAN DOUGHNUT COMPANY INC,245-603-492-000,"1,380.00",ABOARD AND COUNTER POSTER,
,,4223,3/23/2026,COVERCLIQUE INSURANCE SERVICES,,500.00,CALLING CARD,
,,4224,3/23/2026,INSTATECH,006-039-494-000,"45,589.29",FOLDABLE FAN AND ECOBAG,DR 4371
,,4225,3/23/2026,SPC BSN 4I,,"11,750.00",TSHIRT,
,,4226,3/23/2026,NONVIOLENT PEACEFORCE,006-365-287,490.00,TARP,
,,4227,,CANCELLED,,,,
,,4228,3/6/2026,PROCUREMENT SERVICE - DBM,,"5,000.00",POLO SHIRT,
,,4229,3/24/2026,ANTZUMMIT INCORPORATED,,650.00,LONGSLEEVE WITH REFLECTOR,
,,4230,3/24/26,PHILHEALTH - WHITE,,360.00,TARP,
,,4231,3/24/2026,ATENEO DE DAVAO UNIVERSITY,001-921-709-000,"59,240.00",TSHIRT LAWIG,
,,4232,2/25/2026,SOFIA HERNANDEZ,,600.00,TSHIRT,
,,4233,3/25/2026,SIEMPRE,,"5,540.00",TSHIRTS,
,,4234,3/25/2026,ATENEO DE DAVAO UNIVERSITY,001-921-709-000,"5,415.30",TSHIRT AND BANNER,
,,4235,3/25/2026,DMSFI,,"1,200.00",TARP,
,,4236,3/26/2026,ESHIEN CELLPHONE ACCESSORIES,,"18,900.00",POLO SHIRT SUBLIMATION,
,,4237,3/26/2026,ATENEO DE DAVAO UNIVERSITY,,"4,340.00",TSHIRTS,
,,4238,3/26/2026,ATENEO DE DAVAO UNIVERSITY,001-921-709-000,270.00,TSHIRT,
,,4239,3/26/2026,AMESCO DRUG CORPORATION,,"1,200.00",TARP,
,,4240,3/27/2026,JRMT RESOURCES CORPORATION,281-968-892-0000,955.50,PVC ID,
,,4241,3/27/2026,JRMT RESOURCES CORPORATION,281-968-892-0000,"22,956.50","STICKER, ID LANYARD, PVC ID",
,,4242,,CANCELLED,,,,
,,4243,3/27/2026,DCCC-EMPC,,"15,770.00",TSHIRT WITH PRINT,
,,4244,3/27/2026,DCCC-EMPC,,500.00,TSHIRT WITH PRINT,
,,4245,3/28/2026,DAVAO DOCTORS HOSPITAL (CLINICA HILARIO) INC.,005-985-874-000,"7,200.00",POLO SHIRT UNIFORM,
,,4246,3/30/2026,"SOUTH PACIFIC DAVAO COUNTRY CLUB, INC",,540.00,TARP,
,,4247,3/30/2026,"SOUTH PACIFIC DAVAO COUNTRY CLUB, INC",,"2,200.00",POLO SHIRT,
,,4248,3/30/2026,"SOUTH PACIFIC DAVAO COUNTRY CLUB, INC",,550.00,POLO SHIRT,
,,4249,3/30/2026,BNN LOGISTICS SERVICES,,"16,000.00",POLO SHIRT DRIFIT WITH EMBROID,
,,4250,3/30/2026,LEGALESE - JMCFI COLLEGE OF LAW,,"26,000.00",EXECUTIVE JACKET,
,36,4251,4/10/2026,ATENEO DE DAVAO UNIVERSITY,001-921-709-000,"1,900.80",TSHIRT,
,,4252,4/10/2026,ATENEO DE DAVAO UNIVERSITY,001-921-709-000,"4,150.00",PRINT AND EMBROID,
,,4253,4/10/2026,TPC,,800.00,TARP,
,,4254,4/14/2026,LIKHA,,"6,000.00",PRINT AND EMBROID ON JACKET,
,,4255,4/18/2026,MULTIPLE K MEAT AND POULTRY DEALER,136-249-316-002,"10,500.00",POLO SHIRT,
,,4256,4/18/2026,TITAN WIZARDS / MICHAEL AQUINO,,"2,250.00",POLO SHIRT 5PCS,
,,4257,4/18/2026,ATENEO DE DAVAO UNIVERSITY,001-921-709-000,"13,000.00",TSHIRTS,
,,4258,4/21/2026,BP BAKING SUPPLIES AND COOKING EQUIPMENT CORP.,478-875-544-000,"5,400.00",18PCS POLO SHIRT WITH PRINT,
,,4259,4/23/2026,TWIN TIDES PANGLAO,,"7,200.00",POLO SHIRT,
,,4260,4/23/2026,KOTETSUPH COFFEESHOP,644-030-786-00000,950.00,SINTRA BOARD,
,,4261,,,,,,
,,4262,4/24/26,CONNEXT INTERNATIONAL INC.,607-620-291-000,285.00,MUGS,
,,4263,4/24/2026,ATENEO DE DAVAO UNIVERSITY,001-921-709-000,"2,680.00",LAWIG TSHIRT,
,,4264,,THE AMAZING SENIORS,,800.00,BANNER,
,,4265,4/25/2026,ATENEO DE DAVAO UNIVERSITY,001-921-709-000,75.00,BUTTON PINS,
,,4266,4/27/2026,OCCUPATIONAL SAFETY AND HEALTH CENTER,004-503-595-000,360.00,TARP,
,,4267,4/27/2026,SETBI,,450.00,BANNER-DOWNPAYMENT,
,,4268,4/27/26,AC PAMA ENGINEERING CONSULTANCY,,"4,750.00",JACKET W/ EMBROIDERY,
,,4269,4/28/2026,KUBYERTOS,,"1,730.00",TARP,
,,4270,4/28/2026,FILINVEST LAND INC.,000-533-224-00000,350.00,CALLING CARD,
,,4271,4/28/2026,GGAVIT,,"11,000.00",SIGNAGE,
,,4272,4/29/2026,STA. LUCIA,,800.00,STICKERS,
,,4273,4/29/2026,FRCC TECHNOLOGIES AND SERVICES,641-018-809-00000,"7,000.00",LONGSLEEVE UNIFORM 20 PCS,
,,4274,4/29/2026,FILINVEST LAND INC.,000-533-224-00000,"4,500.00",EMBROIDERY,
,,4275,4/29/2026,FLATWORLD SOLUTIONS (PHILIPPINES) INC.,444-611-390-000,"4,410.00",POLO SHIRT UNIFORM,
,,4276,4/30/2026,PRESCAN,,"1,800.00",LANYARD WITH ID,
,,4277,4/30/2026,PAG-IBIG FUND,,90.00,TARP,
,,4278,4/30/2026,ATENEO DE DAVAO UNIVERSITY,001-921-709-000,"5,300.00",POLO SHIRT UNIFORM,
,,4279,4/30/2026,IBEX GLOBAL SOLUTIONS (PHILIPPINES) INC.,008-028-126-00009,450.00,PRINT ON ABACA BAG,
,,4280,5/4/2026,OSHNET,,550.00,ID,
,,4281,5/4/2026,OSHNET,,"7,200.00",POLO SHIRTS,
,,4282,5/4/2026,NCIP,,"3,450.00",TSHIRTS,
,,4283,5/4/2026,Z LAW OFFICE,,"1,200.00",EMBROIDERY,
,,4284,5/5/2026,ALPHA PHI OMEGA - LAMBDA NU CHAPTER,,"10,000.00",CUSTOMIZED CLOCK,
,,4285,5/5/2026,MARCO PADILLO,,"2,000.00",CUSTOMIZED CLOCK,
,,4286,5/5/2026,IBEX GLOBAL SOLUTIONS (PHILIPPINES) INC.,008-028-126-00009,900.00,PUB TARP,
,,4287,5/5/2026,ATENEO DE DAVAO UNIVERSITY,,"2,500.00",POLO SHIRT,
,,4288,4/6/2026,AMESCO DRUG CORPORATION,008-024-612-000,600.00,TARP,
,,4289,5/7/2026,GLOBAL IMPACT,,810.00,TSHIRTS,
,,4290,5/7/2026,GLOBAL IMPACT,,"31,950.00",TSHIRTS,
,,4291,5/7/2026,NCIP,,"2,300.00",TSHIRTS,
,,4292,5/7/2026,APO VIEW HOTEL,,"13,000.00",NOTEBOOK,
,,4293,5/9/2026,VICTORY,,"21,400.00",POLO SHIRT EMBROIDERY,
,,4294,5/9/2026,IBEX GLOBAL SOLUTIONS (PHILIPPINES) INC.,008-028-126-00009,450.00,ABACA BAG PRINT,
,,4295,5/9/2026,"SUZUKI PHILIPPINES, INCORPORATED",000-252-915-00000,"6,560.00",POLO SHIRT & BANNER,
,,4296,5/9/2026,SAN PEDRO COLLEGE PSYCH 4B,,"9,660.00",TSHIRT,
,,4297,5/12/2026,DILG DAVAO CITY,,740.00,3 PCS ARTA ID & 2 PCS WALLET ID,
,,4298,5/12/2026,IBEX GLOBAL SOLUTIONS (PHILIPPINES) INC.,008-028-126-00009,"7,020.00","TABLE MASKING, PUB TARP, SINTRA",
,,4299,5/12/2026,ANDRE DEALA ,,"9,140.00",TSHIRTS,
,,4300,5/12/2026,DMSFI,,"2,640.00",TARPAULIN,
,37,4301,3/27/2026,DAVAO DE ORO TROPICAL FRUITS FARMING,,"1,140.00",3 PCS POLO SHIRT,
,,4302,3/27/2026,REICHEN BANANA FARM (RDFI) INC.,,760.00,2 PCS POLO SHIRT,
,,4303,3/27/2026,DAVAO CHRISTIAN HIGH SCHOOL,,380.00,1 PC POLO SHIRT,
,,4304,3/27/2026,UNITED LABORERS MULTIPURPOSE COOPERATIVE,,380.00,1 PC POLO SHIRT,
,,4305,3/27/2026,MI NABUNTURAN,,380.00,1 PC POLO SHIRT,
,,4306,3/28/2026,JNLL WORKING BOYS,,"1,500.00",EMBROIDERY,
,,4307,3/30/2026,ATENEO DE DAVAO UNIVERSITY,001-921-709-000,375.00,BUTTON PINS,
,,4308,3/30/2026,ATENEO DE DAVAO UNIVERSITY,001-921-709-000,375.00,BUTTON PINS,
,,4309,4/1/2026,KENRAM,,"3,750.00",POLO SHIRT WITH EMBROID,
,,4310,4/1/2026,IBEX GLOBAL SOLUTIONS (PHILIPPINES) INC.,008-028-126-009,"7,056.00","TABLE MASKING, 2 PCS PUB, 12 PCS PLACARDS",
,,4311,4/1/2026,IBEX GLOBAL SOLUTIONS (PHILIPPINES) INC.,008-028-126-009,150.00,PRINT ON ABACA BAG,
,,4312,4/6/2026,ATENEO DE DAVAO UNIVERSITY,001-921-709-000,"31,996.80",TSHIRT AND TOTE BAG,
,,4313,4/6/2026,NAPOLCOM XI,000-186-763-0012,"31,339.28",50 PCS CUSTOMIZED POLO SHIRTS,
,,4314,4/6/2026,SIEMPRE,,750.00,TSHIRT,
,,4315,4/6/2026,IBEX GLOBAL SOLUTIONS (PHILIPPINES) INC.,008-028-126-00009,108.00,TARP,
,,4316,4/7/2026,STA. LUCIA,,"1,440.00",TARP 16 PCS,
,,4317,4/7/2026,MEDSOL CORP.,,"2,000.00",EMBROIDERY,
,,4318,4/8/2026,AMESCO DRUG CORPORATION,008-024-612-000,576.00,TARP,
,,4319,4/8/2026,INSTATECH,006-039-494-000,700.00,BAR PINS,
,,4320,4/8/2026,IBEX GLOBAL SOLUTIONS (PHILIPPINES) INC.,008-028-126-00009,450.00,BANNER,
,,4321,4/10/2026,"KISAN LU LANDS AND DEVELOPMENT, INC.",,"17,500.00",AMIYA APPLE AND HOUSE CONSTRUCTION,
,,4322,2/26/2026,APO VIEW HOTEL,,"10,000.00",SUPPLIES FOR PHILHEALTH,
,,4323,4/11/2026,PACULANANG DENTAL CLINIC,,500.00,TARP,
,,4324,4/13/2026,MINDANAO CONSTRUCTION,,"1,100.00",TARP,
,,4325,4/14/2026,KOTETSUPH COFFEESHOP,644-030-786-0000,"1,800.00",SINTRABOARD AND STICKER,
,,4326,,,,,,
,,4327,4/15/2026,THE REAL AMERICAN DOUGHNUT COMPANY INC,245-603-492-000,"1,200.00",SINTRABOARD,
,,4328,4/15/2026,OCCUPATIONAL SAFETY AND HEALTH CENTER,004-503-595-000,"1,050.00",CALLING CARD,
,,4329,4/15/2026,ATENEO DE DAVAO UNIVERSITY,001-921-709-000,460.00,TSHIRT,
,,4330,4/15/2026,ATENEO DE DAVAO UNIVERSITY,001-921-709-000,230.00,TSHIRT WITH PRINT,
,,4331,4/15/2026,SIEMPRE TAQUERIA AND BAR,,700.00,ACRYLIC WITH STICKER,
,,4332,4/16/2026,ATENEO DE DAVAO UNIVERSITY,001-921-709-000,550.00,EMBROID WITH PRINT,
,,4333,4/17/2026,ATENEO DE DAVAO UNIVERSITY,001-921-709-000,686.00,BANNER,
,,4334,3/28/2026,FILINVEST LAND INC.,000-533-224-0000,"5,000.00",PULL UP BANNER AND TARP,
,,4335,3/28/2026,FILINVEST LAND INC.,000-533-224-0000,"3,350.00",PULL UP BANNER ,
,,4336,3/28/2026,FILINVEST LAND INC.,000-533-224-0000,"3,350.00",PULL UP BANNER ,
,,4337,5/7/2026,BOULDER24 SPORTS CENTER,946-945-740,"1,980.00",TSHIRT WITH PRINT,
,,4338,5/7/2026,IBEX GLOBAL SOLUTIONS (PHILIPPINES) INC.,008-028-126-00001,900.00,PUB TARP,
,,4339,5/8/26,DAVAO DIALYSIS CENTER INC,,450.00,EMBROID,
,,4340,5/11/2026,FILINVEST LAND INC.,000-533-224-00000,"3,200.00",INVITATION CARD,
,,4341,5/11/26,FILINVEST LAND INC.,000-533-224-00000,"7,000.00","UMBRELLA, NOTEBOOK, TUMBLER",
,,4342,5/11/2026,ATENEO DE DAVAO UNIVERSITY,,"1,400.00",TSHIRT WITH PRINT,
,,4343,,,,,,
,,4344,,,,,,
,,4345,,,,,,
,,4346,,,,,,
,,4347,,,,,,
,,4348,,,,,,
,,4349,,,,,,
,,4350,,,,,,
,38,4351,5/16/2026,PHILIPPINE MISSION MOVEMENT,,"2,100.00",BANNER,
,,4352,5/18/2026,NN MARTIN CONSTRUCTION,,"13,600.00",STICKER ON ACRYLIC,
,,4353,5/18/2026,FINCA FOOD & BEVERAGE HOUSE,,"1,650.00",TSHIRT PRINT,
,,4354,5/18/2026,MINDANAO CONSTRUCTION,,"2,880.00",TARP,
,,4355,5/19/2026,DAVAO WESSJAY DEVELOPMENT CORP.,,"4,625.00",POLO SHIRT,
,,4356,2/2026,SK COMMUNAL,,"5,500.00",JACKET,
,,4357,5/20/2026,SILA AUSTRALIA/WINSTON CAPUNDAG,,"7,500.00",NOTEBOOK AND PEN,
,,4358,5/21/2026,OCCUPATIONAL SAFETY AND HEALTH NETWORK XI,,"14,450.00",POLO SHIRT AND MUG,
,,4359,5/21/2026,JRMT RESOURCES CORPORATION,,823.20,PVC ID,
,,4360,5/23/2026,SETBI,,350.00,FULLPAYMENT BANNER,
,,4361,5/23/2026,THE GASTROCLUB,,"1,250.00",TSHIRT,
,,4362,5/23/2026,FILINVEST LAND INC.,000-533-224-00000,"9,100.00",7 PCS PULLUP BANNER,
,,4363,5/23/2026,CASH,,100.00,TARP,
,,4364,3/18/2026,SK BARANGAY MINTAL,769-373-405-000,"12,825.00",SK OFFICIAL UNIFORMS,
,,4365,5/27/2026,IBEX GLOBAL SOLUTIONS (PHILIPPINES) INC.,008-028-126-00009,"2,200.00",PUB TARP,
,,4366,6/1/2026,JADE HARRIS C. COLORJE,,"3,500.00",STICKER ON SINTRA,
,,4367,6/2/2026,KISAN LU LANDS AND DEVELOPMENT INC.,,"2,000.00",TSHIRT AMIYA RESORTS AND RESIDENCES,
,,4368,6/2/2026,KISAN LU LANDS AND DEVELOPMENT INC.,,"17,500.00",AMIYA HOUSE CONSTRUCTION APPLE GREEN,
,,4369,6/2/2026,"MODU-TEK INNOVATIVE, INC.",,"14,520.00",TSHIRT GRAY W/ MODUTEK LOGO,
,,4370,6/5/2026,FILINVEST LAND INC.,000-533-224-000,"23,400.00",18PCS PULLUP BANNER,
,,4371,6/5/2026,HOLY TRINITY COMMUNITY - DAVAO,,"13,000.00",CLOTH BANNER,
,,4372,6/8/2026,SETBI,,500.00,POLO SHIRT,
,,4373,6/13/2026,BEAWESOME INC.,009-552-332-00000,"16,210.00",TSHIRT AND TARP,
,,4374,,CANCELLED,,,,
,,4375,6/13/2026,MINDANAO CONSTRUCTION SERVICES & LAND DEVELOPMENT CORPORATION,,"3,840.00",TARP,
,,4376,6/13/2026,SAMPAGUITA INN,,"6,120.00",POLO SHIRT,
,,4377,,CANCELLED,,,,
,,4378,6/16/2026,NIA,,"18,300.00","26PCS UP AND DOWN, 4PCS UP ONLY",
,,4379,6/23/2026,DMSFI,,"1,746.50",TARP,
,,4380,6/23/2026,MULAVI TRANSPORT AND MAINTENANCE SERVICES INC.,,"5,600.00","TSHIRT, LONGSLEEVE SHIRT",
,,4381,6/23/2026,MULAVI TRANSPORT AND MAINTENANCE SERVICES INC.,,"1,250.00",TARP,
,,4382,6/23/2026,MULAVI TRANSPORT AND MAINTENANCE SERVICES INC.,,"1,200.00",NEXT OIL CHANGE TARP,
,,4383,6/23/2026,ERWIN GALON,,350.00,BUTTON PINS,
,,4384,6/25/2026,MULAVI TRANSPORT AND MAINTENANCE SERVICES INC.,,400.00,TARP,
,,4385,6/25/2026,JEWM AGRO-INDUSTRIAL CORPORATION,,"5,000.00",PLAQUE,
,,4386,6/25/2026,TECHTRENDZ,,"1,500.00",CALLING CARD,
,,4387,6/25/2026,RAG IT SOLUTIONS,,"1,250.00","LANYARD, ID, CALLING CARD",
,,4388,6/25/2026,DMSFI,,"6,390.00",VARIOUS TARPAULIN,
,,4389,6/25/2026,CONNEXT INTERNATIONAL INC.,607-620-291-000,"30,400.00",CORPORATE JACKET,
,,4390,6/26/2026,PSS INTERNATIONAL,,400.00,TARP,
,,4391,6/26/2026,TRANSCOM DAVAO,,150.00,TARP,
,,4392,6/29/2026,METROBANK,,"1,100.00",VARIOUS MBTC POSTER,
,,4393,4/25/2026,FILINVEST LAND INC.,000-533-224-000,"6,000.00",PULLUP BANNER,
,,4394,4/25/2026,FILINVEST LAND INC.,000-533-224-000,"3,400.00",PULLUP BANNER,
,,4395,4/25/2026,FILINVEST LAND INC.,000-533-224-000,"1,500.00",SINTRA BOARD,
,,4396,6/29/2026,SUREPAY TECHNOLOGIES INC.,747-323-782,"1,050.00",3 SET CALLING CARD,
,,4397,6/29/2026,SPMC - IPBM,261-331-000,"4,500.00",FOLDABLE FAN,
,,4398,6/29/2026,SPMC - IPBM,261-331-000,625.00,BUTTON PINS,
,,4399,6/29/2026,SPMC - IPBM,261-331-000,625.00,BUTTON PINS,
,,4400,,PSA,,577.50,TARP,
,39,4401,5/21/2026,INSTATECH INC.,006-039-494-000,"4,013.84",POLO SHIRT UNIFORM,DR 4465
,,4402,5/21/2026,PAG-IBIG FUND,,900.00,TARP REPLACEMENT,
,,4403,5/21/2026,FILINVEST LAND INC.,000-533-224-00000,"2,550.00",EMBROIDERY ON TOWEL 17PCS,
,,4404,5/21/2026,FILINVEST LAND INC.,000-533-224-00000,"28,800.00",TURNOVER KEY 16PCS,
,,4405,5/23/2026,CYNTHIA ALPAS,,"4,580.00","22PCS TSHIRT, 2PCS TARP",
,,4406,5/25/2026,DMSFI,,900.00,TARP,
,,4407,5/26/2026,SIRI TULIN PHILIPPINES INC.,,"1,850.00",TARP BLACK OUT 5PCS,
,,4408,5/27/2026,SIRI TULIN PHILIPPINES INC.,,"9,250.00",TARP BLACK OUT 5PCS,
,,4409,5/26/2026,PAG-IBIG FUND / CHERRY MAE MAULION,,"1,000.00",TARP,
,,4410,5/26/2026,STA LUCIA,,720.00,TARP,
,,4411,5/26/2026,CYNTHIA ALPAS,,840.00,"STICKER, TSHIRT",
,,4412,5/27/2026,CW COLE INC.,006-036-195,"117,948.60",POLO SHIRT & LONGSLEEVE,
,,4413,5/27/2026,"MAE WESS COMPANY, INCORPORATED",004-745-879,"117,948.60",POLO SHIRT & LONGSLEEVE,
,,4414,5/27/2026,ENVIROTECH WASTE RECYCLING INC.,,"17,850.00",STICKER MDFI,
,,4415,5/28/2026,SIEMPRE TAQUERIA & BAR,,"1,750.00",DRIFIT TSHIRT,
,,4416,5/28/26,LGU CATEEL,,"36,600.00",VARIOUS ITEMS,
,,4417,5/29/2026,METROBANK,,"7,200.00",TSHIRT,
,,4418,6/1/2026,IBEX GLOBAL SOLUTIONS (PHILIPPINES) INC.,008-028-126-00009,270.00,TARP,
,,4419,,,,"2,400.00",TSHIRT PRINT,
,,4420,6/3/2026,DAVAO DIALYSIS CENTER,,300.00,EMBROID,
,,4421,6/3/2026,BRING ME EXPRESS,,"14,400.00",STICKER,
,,4422,,CANCELLED,,,,
,,4423,6/1/2026,ED-MAR INTERNATIONAL AGRICULTURAL VENTURES CO. LTD,,"90,600.00",PRINTING OF HAND-OUTS,
,,4424,6/6/2026,KOTETSUPH COFFEESHOP,644-030-786-00000,"1,250.00",SINTRA BOARD,
,,4425,6/6/2026,SAN PEDRO COLLEGE,000-263-710-000,"19,500.00",JACKET,
,,4426,6/6/2026,FILINVEST LAND INC.,000-533-224-000,"2,250.00",NOTEBOOK,
,,4427,,,,,,
,,4428,,,,,,
,,4429,6/29/2026,SPMC,,"2,500.00",EMBROIDERY,
,,4430,6/10/2026,DAVAO GH ENTERPRISES INC.,000-074-144-00000,"19,992.00",TSHIRTS,
,,4431,6/10/2026,MINDANAO CONSTRUCTION SERVICES & LAND DEVELOPMENT CORP,,"9,480.00",POLO SHIRTS,
,,4432,6/11/2026,OSHNET XI,,"1,500.00",3 PCS SUBLIMATION POLO SHIRT,
,,4433,6/11/2026,OSHNET XI,,500.00,1 PC SUBLIMATION POLO SHIRT,
,,4434,6/11/2026,CDGM DISTRIBUTION CORP,,,,
,,4435,6/11/2026,ROYAL GC,,"4,050.00",UNIFORM PRINTING,
,,4436,6/12/2026,FILINVEST LAND INC.,000-533-224-00000,"7,000.00",VARIOUS ITEM,
,,4437,6/15/2026,DMSFI BIOCHEM DEPARTMENT,,"16,720.00",PRINTED TSHIRT AND PRINT ONLY,
,,4438,5/23/2026,FILINVEST LAND INC.,000-533-224-00000,"19,200.00",TURNOVER KEY,
,,4439,5/18/2026,GLOBAL IMPACT,,"62,640.00",TSHIRTS,
,,4440,6/18/2026,OSHNET XI,,"3,000.00",POLO SHIRT SUBLIMATION,
,,4441,6/6/2026,EDEN NATURE PARK AND RESORT INC.,004-752-272-00002,"27,000.00",TSHIRTS,
,,4442,6/19/2026,SILANGAN MULTIPURPOSE COOPERATIVE,,"2,000.00",BANNER,
,,4443,6/22/2026,JCL VISA CONSULTANCY,,500.00,CALLING CARD,
,,4444,6/22/2026,SETBI,,500.00,POLO SHIRT,
,,4445,6/23/2026,DMSFI,,"2,840.00",TARPAULIN,
,,4446,6/23/2026,METROBANK,,"1,500.00",NAME PINS,
,,4447,6/25/2026,STA LUCIA,,540.00,TARPAULIN,
,,4448,6/26/2026,SUZUKI PHILIPPINES INCORPORATED,000-252-915-00000,"4,800.00",TSHIRT SUBLIMATION,
,,4449,6/3/2026,DMSFI,,"1,900.00",TARP BACKDROP,
,,4450,6/29/2026,DUAW DABAW,,"7,500.00",TARPAULIN,
,40,4451,6/4/2026,FASTSAVE INTEGRATED,656-123-811-000,"3,040.00",POLO SHIRT WITH PRINT,
,,4452,6/4/2026,VIRTU QUEST PROPERTIES DEVELOPMENT CORPORATION,,760.00,POLO SHIRT WITH PRINT,
,,4453,6/4/2026,FELCRIS CENTRALE HOTELS AND RESORTS CORPORATION,,380.00,POLO SHIRT WITH PRINT,
,,4454,6/4/2026,YC RAINBOW FOOD INC,,380.00,POLO SHIRT WITH PRINT,
,,4455,6/4/2026,RHEMARSMAN LOGISTICS SERVICES,,380.00,POLO SHIRT WITH PRINT,
,,4456,6/4/2026,"ACOSTA, NOEL A./TIBUNGCO DOCTORS",,760.00,POLO SHIRT WITH PRINT,
,,4457,6/4/2026,CIMEN CONSUMER DISTRIBUTION INC,,380.00,POLO SHIRT WITH PRINT,
,,4458,6/4/2026,BIOGROW SUBSTRATE PHILS INC.,,"1,140.00",POLO SHIRT WITH PRINT,
,,4459,6/4/2026,HOLY CHILD COLLEGE OF DAVAO INC,,380.00,POLO SHIRT WITH PRINT,
,,4460,6/4/2026,DAVAO AS METAL INC.,,"1,140.00",POLO SHIRT WITH PRINT,
,,4461,6/4/2026,C-OM TRADING CORPORATION,,380.00,POLO SHIRT WITH PRINT,
,,4462,6/4/2026,TSCA ELECTRICAL GROUP OF COMPANY INCORPORATED,,760.00,POLO SHIRT WITH PRINT,
,,4463,6/4/2026,APEX MINING CO INC.,,380.00,POLO SHIRT WITH PRINT,
,,4464,6/4/2026,HOLY CHILD COLLEGE OF DAVAO INC,,760.00,POLO SHIRT WITH PRINT,
,,4465,6/4/2026,HOLY CROSS OF COLLEGE OF CALINAN INC.,,380.00,POLO SHIRT WITH PRINT,
,,4466,6/4/2026,DAVAO HOLIDAY TRANSPORT SERVICES CORP,,380.00,POLO SHIRT WITH PRINT,
,,4467,7/15/2026,USEP MPC,,"120,000.00",TSHIRT W/ PRINT FOR PE,
,,4468,7/16/2026,IBEX GLOBAL SOLUTIONS (PHILIPPINES) INC.,008-028-126-00009,"2,450.00",JACKET EMBROIDERED ONLY,
,,4469,7/16/2026,NIA EASP,,"24,930.00",POLO SHIRT AND SUBLIMATION  TSHIRT,
,,4470,7/16/2026,MULAVI TRANSPORT AND MAINTENANCE SERVICES INC.,,910.00,TARP AND ACRYLIC SIGN,
,,4471,7/17/2026,DAVAO RSY TRAVEL AND TOURS COMPANY,,560.00,SINTRABOARD,
,,4472,7/17/2026,PCA,,"9,000.00",JACKETS,
,,4473,,,,,,
,,4474,,,,,,
,,4475,,,,,,
,,4476,,,,,,
,,4477,,,,,,
,,4478,,,,,,
,,4479,,,,,,
,,4480,,,,,,
,,4481,,,,,,
,,4482,,,,,,
,,4483,,,,,,
,,4484,,,,,,
,,4485,,,,,,
,,4486,,,,,,
,,4487,,,,,,
,,4488,,,,,,
,,4489,,,,,,
,,4490,,,,,,
,,4491,,,,,,
,,4492,,,,,,
,,4493,,,,,,
,,4494,,,,,,
,,4495,,,,,,
,,4496,,,,,,
,,4497,,,,,,
,,4498,,,,,,
,,4499,,,,,,
,,4500,,,,,,
,41,4501,6/30/2026,SPMC-IPBM,261-331-000,900.00,ACRYLIC SIGNAGE,
,,4502,6/30/2026,SPMC-IPBM,261-331-000,600.00,TARPAULIN 4PCS 5X2FT,
,,4503,6/30/2026,SPMC-IPBM,261-331-000,720.00,TARP 2PCS 6X4FT,
,,4504,6/30/2026,SPMC-IPBM,261-331-000,275.00,STICKERS,
,,4505,6/30/2026,DAVAO DIALYSIS CENTER,,600.00,EMBROIDERY,
,,4506,6/30/2026,PUD N TUB,,200.00,PRINT,
,,4507,6/30/2026,PRTC DAVAO,,560.00,TSHIRT,
,,4508,7/2/2026,BANGKO SENTRAL NG PILIPINAS,,"2,300.00",1PC PULL UP; 2 PCS TARP REPLACEMENT,
,,4509,7/2/2026,SSI SINAGLAYA AGENCY,,"4,000.00",50PCS LANYARD,
,,4510,,,,,,
,,4511,,,,,,
,,4512,,,,,,
,,4513,,,,,,
,,4514,,,,,,
,,4515,,,,,,
,,4516,,,,,,
,,4517,,,,,,
,,4518,,,,,,
,,4519,,,,,,
,,4520,,,,,,
,,4521,,,,,,
,,4522,,,,,,
,,4523,,,,,,
,,4524,,,,,,
,,4525,,,,,,
,,4526,,,,,,
,,4527,,,,,,
,,4528,,,,,,
,,4529,,,,,,
,,4530,,,,,,
,,4531,,,,,,
,,4532,,,,,,
,,4533,,,,,,
,,4534,,,,,,
,,4535,,,,,,
,,4536,,,,,,
,,4537,,,,,,
,,4538,,,,,,
,,4539,,,,,,
,,4540,,,,,,
,,4541,,,,,,
,,4542,,,,,,
,,4543,,,,,,
,,4544,,,,,,
,,4545,,,,,,
,,4546,,,,,,
,,4547,,,,,,
,,4548,,,,,,
,,4549,,,,,,
,,4550,,,,,,
,,4551,,,,,,
,,4552,,,,,,
,,4553,,,,,,
,,4554,,,,,,
,,4555,,,,,,
,,4556,,,,,,
,,4557,,,,,,
,,4558,,,,,,
,,4559,,,,,,
,,4560,,,,,,
,,4561,,,,,,
,,4562,,,,,,
,,4563,,,,,,
,,4564,,,,,,
,,4565,,,,,,
,,4566,,,,,,
,,4567,,,,,,
,,4568,,,,,,
,,4569,,,,,,
,,4570,,,,,,
,,4571,,,,,,
,,4572,,,,,,
,,4573,,,,,,
,,4574,,,,,,
,,4575,,,,,,
,,4576,,,,,,
,,4577,,,,,,
,,4578,,,,,,
,,4579,,,,,,
,,4580,,,,,,
,,4581,,,,,,
,,4582,,,,,,
,,4583,,,,,,
,,4584,,,,,,
,,4585,,,,,,
,,4586,,,,,,
,,4587,,,,,,
,,4588,,,,,,
,,4589,,,,,,
,,4590,,,,,,
,,4591,,,,,,
,,4592,,,,,,
,,4593,,,,,,
,,4594,,,,,,
,,4595,,,,,,
,,4596,,,,,,
,,4597,,,,,,
,,4598,,,,,,
,,4599,,,,,,
,,4600,,,,,,
,,4601,,,,,,
,,4602,,,,,,
,,4603,,,,,,
,,4604,,,,,,
,,4605,,,,,,
,,4606,,,,,,
,,4607,,,,,,
,,4608,,,,,,
,,4609,,,,,,
,,4610,,,,,,
,,4611,,,,,,
,,4612,,,,,,
,,4613,,,,,,
,,4614,,,,,,
,,4615,,,,,,
,,4616,,,,,,
,,4617,,,,,,
,,4618,,,,,,
,,4619,,,,,,
,,4620,,,,,,
,,4621,,,,,,
,,4622,,,,,,
,,4623,,,,,,
,,4624,,,,,,
,,4625,,,,,,
,,4626,,,,,,
,,4627,,,,,,
,,4628,,,,,,
,,4629,,,,,,
,,4630,,,,,,
,,4631,,,,,,
,,4632,,,,,,
,,4633,,,,,,
,,4634,,,,,,
,,4635,,,,,,
,,4636,,,,,,
,,4637,,,,,,
,,4638,,,,,,
,,4639,,,,,,
,,4640,,,,,,
,,4641,,,,,,
,,4642,,,,,,
,,4643,,,,,,
,,4644,,,,,,
,,4645,,,,,,
,,4646,,,,,,
,,4647,,,,,,
,,4648,,,,,,
,,4649,,,,,,
,,4650,,,,,,